id_noticia,titulo,url,medio,idioma,fecha_publicacion,fecha_deteccion,fecha_extraccion,tema,origen,alcance_texto
art_ae21e71d0bb9e24c,TVN Media avanza en Merco Talento Panamá 2026 y reafirma su liderazgo como número uno en el sector de medios de comunicación,https://www.tvn-2.com/nacionales/tvn-media-avanza-merco-talento_1_2250207.html,TVN Panamá,es,2026-07-09T17:36:21Z,,2026-10-07T08:14:35Z,,tvn_rss,headline_metadata
art_7ac8d122ceb7d175,CEO Women Summit 2026: TVN Media destaca la importancia de abrir espacios para el liderazgo femenino,https://www.tvn-2.com/nacionales/tvn-media-ceo-women-summit-potenciar-crecimiento-profesional-mujeres_1_2250211.html,TVN Panamá,es,2026-07-09T18:24:38Z,,2026-10-07T08:14:35Z,,tvn_rss,headline_metadata
art_37829b7e83cc0a85,TVN Media oficializa su patrocinio de la Feria Internacional del Libro de Panamá,https://www.tvn-2.com/gente-tvn/tvn-media-oficializa-patrocinio-feria_1_2250436.html,TVN Panamá,es,2026-07-10T20:03:53Z,,2026-10-07T08:14:35Z,,tvn_rss,headline_metadata
art_b93e0f182b49afe5,TVN Media oficializa patrocinio para el World of Coffee Panamá 2026,https://www.tvn-2.com/nacionales/tvn-media-oficializa-patrocinio-world_1_2251452.html,TVN Panamá,es,2026-07-17T01:20:25Z,,2026-10-07T08:14:35Z,,tvn_rss,headline_metadata
art_ac549230891511eb,"TVN Media y UDELAS firman alianza para impulsar la educación, el bienestar y el desarrollo social",https://www.tvn-2.com/gente-tvn/tvn-media-udelas-firman-alianza_1_2253105.html,TVN Panamá,es,2026-07-28T17:00:00Z,,2026-10-07T08:14:35Z,,tvn_rss,headline_metadata
art_1cf8078547cb907c,TVN Media recibe reconocimiento del programa Reduce Tu Huella por su compromiso con la gestión ambiental,https://www.tvn-2.com/nacionales/tvn-media-recibe-reconocimiento-programa-reduce-tu-huella-gestion-ambiental_1_2254331.html,TVN Panamá,es,2026-08-05T00:38:03Z,,2026-10-07T08:14:35Z,,tvn_rss,headline_metadata
art_f0823c96deb6cc13,Mario Castrellón protagoniza Líderes 360 este viernes en Noticias AM,https://www.tvn-2.com/lideres-360/mario-castrellon-protagoniza-lideres-360-noticias-am_1_2254164.html,TVN Panamá,es,2026-08-05T11:00:19Z,,2026-10-07T08:14:35Z,,tvn_rss,headline_metadata
art_01074caf805c938b,TVN Media y la Asociación de Directoras de Panamá firman alianza para impulsar el liderazgo femenino,https://www.tvn-2.com/nacionales/tvn-media-asociacion-directoras-panama_1_2254586.html,TVN Panamá,es,2026-08-06T01:08:53Z,,2026-10-07T08:14:35Z,,tvn_rss,headline_metadata
art_c0372f870560e3b0,Líderes 360 | Mario Castrellón: la visión de un chef que convirtió la gastronomía panameña en una marca país,https://www.tvn-2.com/lideres-360/lideres-360-mario-castrellon-chef-gastronomia-panama-maito_1_2254177.html,TVN Panamá,es,2026-08-07T12:15:31Z,,2026-10-07T08:14:35Z,,tvn_rss,headline_metadata
art_14375a40545fef05,TVN Media moviliza a sus colaboradores para convertir la solidaridad en vidas,https://www.tvn-2.com/gente-tvn/tvn-media-moviliza-colaboradores-convertir_1_2255762.html,TVN Panamá,es,2026-08-13T22:07:30Z,,2026-10-07T08:14:35Z,,tvn_rss,headline_metadata
art_e7e78e24fcf7d3a2,TVN Media y ADEN Business School firman acuerdo para acceder a programas de estudio superior,https://www.tvn-2.com/nacionales/tvn-media-aden-business-school_1_2255801.html,TVN Panamá,es,2026-08-14T00:59:23Z,,2026-10-07T08:14:35Z,,tvn_rss,headline_metadata
art_f0fef5d22a5031ee,"Proyecto para aplicar 7% en compras digitales busca actualizar el Código Fiscal, explica viceministra de Economía",https://www.tvn-2.com/nacionales/proyecto-aplicar-7-compras-digitales-codigo-fiscal-viceministra-de-economia_1_2256699.html,TVN Panamá,es,2026-08-20T13:18:55Z,,2026-10-07T08:14:36Z,,tvn_rss,headline_metadata
art_026cf5448833ed75,"La convergencia del streaming, los videojuegos y el deporte impulsa una nueva era de televisores",https://www.tvn-2.com/economia/empresas/publirreportajes/convergencia-streaming-videojuegos-deporte-impulsa_1_2256493.html,TVN Panamá,es,2026-08-20T15:00:00Z,,2026-10-07T08:14:36Z,,tvn_rss,headline_metadata
art_7655da278715917b,FedeCámaras presenta hoja de ruta para fortalecer a las MiPyMEs en Panamá,https://www.tvn-2.com/nacionales/fedecamaras-presenta-hoja-ruta-fortalecer_1_2256735.html,TVN Panamá,es,2026-08-20T17:08:01Z,,2026-10-07T08:14:36Z,,tvn_rss,headline_metadata
art_89ad1c18a66e254e,Pacífica Salud reafirma su compromiso con la calidad y seguridad del paciente con nuevas acreditaciones de Joint Commission International,https://www.tvn-2.com/economia/empresas/publirreportajes/pacifica-salud-reafirma-compromiso-calidad_1_2256763.html,TVN Panamá,es,2026-08-21T15:00:37Z,,2026-10-07T08:14:35Z,,tvn_rss,headline_metadata
art_1b78adf77f8f99cf,Costa Coffee se expande a Panamá con dos nuevas tiendas operadas por el socio franquiciado Grupo Maritanos,https://www.tvn-2.com/economia/empresas/publirreportajes/costa-coffee-expande-panama-nuevas_1_2256771.html,TVN Panamá,es,2026-08-21T15:41:33Z,,2026-10-07T08:14:35Z,,tvn_rss,headline_metadata
art_141bcdfeaa6773ce,"ENA refuerza campaña informativa por trabajos en el intercambiador de Costa del Este, en el Corredor Sur de Agosto a Diciembre 2026",https://www.tvn-2.com/economia/empresas/publirreportajes/ena-refuerza-campana-informativa-trabajos_1_2256795.html,TVN Panamá,es,2026-08-21T18:06:51Z,,2026-10-07T08:14:36Z,,tvn_rss,headline_metadata
art_a82782945024c809,El auge del fútbol panameño y la transformación del entretenimiento deportivo digital en Centroamérica,https://www.tvn-2.com/economia/empresas/publirreportajes/auge-futbol-panameno-transformacion-entretenimiento_1_2257282.html,TVN Panamá,es,2026-08-24T16:34:50Z,,2026-10-07T08:14:36Z,,tvn_rss,headline_metadata
art_4882cff83dce0997,"El bitcoin supera los 80.000 dólares, beneficiándose de la debilidad del dólar",https://www.tvn-2.com/mundo/bitcoin-supera-80-000-dolares_1_2257456.html,TVN Panamá,es,2026-08-25T11:25:13Z,,2026-10-07T08:14:36Z,,tvn_rss,headline_metadata
art_0324ef8050dca1e9,BYD y Cofiño presentan oficialmente el nuevo TI 7 en Panamá,https://www.tvn-2.com/economia/empresas/publirreportajes/byd-cofino-presentan-oficialmente-nuevo_1_2256978.html,TVN Panamá,es,2026-08-25T15:28:18Z,,2026-10-07T08:14:35Z,,tvn_rss,headline_metadata
art_acdf1836cd9adf16,Chevron Panamá coloca primera piedra de proyecto solar en Bahía Las Minas,https://www.tvn-2.com/economia/empresas/publirreportajes/chevron-panama-coloca-primera-piedra_1_2257497.html,TVN Panamá,es,2026-08-25T17:12:08Z,,2026-10-07T08:14:36Z,,tvn_rss,headline_metadata
art_b87a31bdb29acff2,WISS LATAM reúne a mujeres líderes y empresarias para impulsar la innovación y el liderazgo femenino,https://www.tvn-2.com/nacionales/wiss-latam-reune-mujeres-lideres_1_2257812.html,TVN Panamá,es,2026-08-27T01:21:28Z,,2026-10-07T08:14:35Z,,tvn_rss,headline_metadata
art_8b32af7e8f8a9832,TVN Media comparte su experiencia de transformación digital en cumbre WISS LATAM,https://www.tvn-2.com/nacionales/tvn-media-comparte-experiencia-transformacion-cumbre-wiss-latam_1_2257996.html,TVN Panamá,es,2026-08-27T21:49:51Z,,2026-10-07T08:14:35Z,,tvn_rss,headline_metadata
art_8ff7daad1aefd789,Presidente de la Reserva Federal afirma que la inflación en EEUU es 'preocupante',https://www.tvn-2.com/mundo/presidente-reserva-federal-afirma-inflacion_1_2258133.html,TVN Panamá,es,2026-08-28T17:13:27Z,,2026-10-07T08:14:36Z,,tvn_rss,headline_metadata
art_fa0d1b8a5d8a1977,"Tu Banco, tu Istmo: Banistmo presenta nueva identidad como parte del Grupo Financiero BSC",https://www.tvn-2.com/economia/empresas/publirreportajes/banco-istmo-banistmo-presenta-nueva_1_2258123.html,TVN Panamá,es,2026-08-28T18:15:25Z,,2026-10-07T08:14:35Z,,tvn_rss,headline_metadata
art_4141cfd6a1f046f4,Domingo Alonso entrega a SIXT Panamá su primera flota mediante arrendamiento operativo,https://www.tvn-2.com/economia/empresas/publirreportajes/domingo-alonso-entrega-sixt-panama_1_2257729.html,TVN Panamá,es,2026-08-28T20:28:02Z,,2026-10-07T08:14:36Z,,tvn_rss,headline_metadata
art_a6fa5359fb054f59,"Venezuela y EEUU firman nuevos acuerdos petroleros, figuran las empresas Chevron, Eni y GE Vernova",https://www.tvn-2.com/mundo/venezuela-eeuu-firma-acuerdos-petroleros_1_2258964.html,TVN Panamá,es,2026-09-02T19:51:09Z,,2026-10-07T08:14:36Z,,tvn_rss,headline_metadata
art_1920cadadab0eac9,Supermercados Xtra celebra 36 años agradeciendo a quienes forman parte de su historia,https://www.tvn-2.com/economia/empresas/publirreportajes/supermercados-xtra-celebra-36-anos_1_2259172.html,TVN Panamá,es,2026-09-03T21:13:16Z,,2026-10-07T08:14:36Z,,tvn_rss,headline_metadata
art_0b90fb3c7c13f928,Automarket Rent a Car fortalece su flota en Panamá con nuevas unidades ISUZU D-MAX,https://www.tvn-2.com/economia/empresas/publirreportajes/automarket-rent-car-fortalece-flota_1_2259195.html,TVN Panamá,es,2026-09-03T22:44:57Z,,2026-10-07T08:14:36Z,,tvn_rss,headline_metadata
art_1d0ed083ecf8b64d,AVIS Rent a Car Panamá amplía su oferta de movilidad con nuevas unidades ISUZU D-MAX,https://www.tvn-2.com/economia/empresas/publirreportajes/avis-rent-car-panama-amplia_1_2259206.html,TVN Panamá,es,2026-09-04T17:31:27Z,,2026-10-07T08:14:36Z,,tvn_rss,headline_metadata
art_36a08c087c41a01d,Grupo Cincuentenario fortalece su presencia en el interior del país con la apertura oficial de dos nuevas sucursales: Ford y JIM en Santiago,https://www.tvn-2.com/economia/empresas/publirreportajes/grupo-cincuentenario-fortalece-presencia-interior_1_2259377.html,TVN Panamá,es,2026-09-05T01:09:36Z,,2026-10-07T08:14:36Z,,tvn_rss,headline_metadata
art_a28f6b659b796641,Relevo por la Vida de Fanlyc: 24 horas de esfuerzo y esperanza en la Cinta Costera 3,https://www.tvn-2.com/nacionales/relevo-vida-fanlyc-24-horas-esfuerzo-esperanza-cinta-costera-tres-cancer_1_2259489.html,TVN Panamá,es,2026-09-06T00:09:00Z,,2026-10-07T08:14:35Z,,tvn_rss,headline_metadata
art_a41a9b13e0cb4979,KFC presenta su nueva identidad de marca en Panamá y reafirma su evolución en la industria,https://www.tvn-2.com/economia/empresas/publirreportajes/kfc-presenta-nueva-identidad-marca_1_2257543.html,TVN Panamá,es,2026-09-07T15:13:36Z,,2026-10-07T08:14:36Z,,tvn_rss,headline_metadata
art_828f473759a08aa0,Nuevos bombardeos en el Golfo disparan el petróleo por encima de los 100 dólares,https://www.tvn-2.com/mundo/nuevos-bombardeos-golfo-disparan-petroleo_1_2260090.html,TVN Panamá,es,2026-09-09T19:47:02Z,,2026-10-07T08:14:36Z,,tvn_rss,headline_metadata
art_f4bd166a160421ab,Sucasa Estate Developers inaugura su primera Sala de Ventas para presentar Baula Residences,https://www.tvn-2.com/economia/empresas/publirreportajes/sucasa-estate-developers-inaugura-primera_1_2260096.html,TVN Panamá,es,2026-09-09T21:05:52Z,,2026-10-07T08:14:36Z,,tvn_rss,headline_metadata
art_1c5afb8d684736fb,Diecinueve aerolíneas operan en los terminales temporales de Maiquetía,https://nuevodia.com.ve/diecinueve-aerolineas-operan-en-los-terminales-temporales-de-maiquetia/,nuevodia.com.ve,es,,2026-09-10T15:15:00Z,2026-10-07T07:28:56Z,turismo,gdelt_doc,headline_metadata
art_f3d679d286f41205,Alcaldía de Panamá y Konzerta presentan Empleo 2.0 Powered by Konzerta,https://www.tvn-2.com/economia/empresas/publirreportajes/alcaldia-panama-konzerta-presentan-empleo_1_2260114.html,TVN Panamá,es,2026-09-10T18:04:25Z,,2026-10-07T08:14:36Z,,tvn_rss,headline_metadata
art_cdbf23d2e27ef2ed,Panamá reúne a más de 400 líderes empresariales para debatir los desafíos de la inteligencia artificial,https://www.tvn-2.com/economia/empresas/panama-reune-lideres-empresariales-inteligencia-artificial_1_2260278.html,TVN Panamá,es,2026-09-10T18:17:57Z,,2026-10-07T08:14:36Z,,tvn_rss,headline_metadata
art_6b0508e1cd9414be,Acodeco pide a exfuncionarios retirar sus cheques de prima de antigüedad,https://www.panamaamerica.com.pa/sociedad/acodeco-pide-exfuncionarios-retirar-sus-cheques-de-prima-de-antiguedad-1266236,panamaamerica.com.pa,es,,2026-09-11T15:30:00Z,2026-10-07T07:28:56Z,panama,gdelt_doc,headline_metadata
art_a52e7dc3abba2363,Sismo de magnitud 3 . 3 sorprende durante la madrugada : ocurrió al noroeste de Chepo,https://www.telemetro.com/nacionales/sismo-magnitud-33-sorprende-la-madrugada-ocurrio-al-noroeste-chepo-n6091467,telemetro.com,es,,2026-09-11T15:45:00Z,2026-10-07T07:28:56Z,panama,gdelt_doc,headline_metadata
art_5979872c223c05f4,MEF le responde a Moody : Panamá hace lo suficiente para preservar grado de inversión,https://www.laestrella.com.pa/economia/mef-le-responde-a-moody-s-panama-hace-lo-suficiente-para-preservar-grado-de-inversion-al25596204,laestrella.com.pa,es,,2026-09-11T16:00:00Z,2026-10-07T07:28:56Z,panama,gdelt_doc,headline_metadata
art_5e5ae7209a996292,Fiscalía pide al juez acusar a dos hombres por presunta estafa agravada vinculada a proyecto en Pacora,https://www.laestrella.com.pa/panama/nacional/fiscalia-pide-al-juez-acusar-a-dos-hombres-por-presunta-estafa-agravada-vinculada-a-proyecto-en-pacora-kb25601847,laestrella.com.pa,es,,2026-09-11T16:00:00Z,2026-10-07T07:28:56Z,panama,gdelt_doc,headline_metadata
art_65acf8b2fde76b9a,Exsecretario de Energía Juan Manuel Urriola propone cambios para el sector eléctrico,https://www.laestrella.com.pa/panama/nacional/exsecretario-de-energia-juan-manuel-urriola-propone-cambios-para-el-sector-electrico-FB25600984,laestrella.com.pa,es,,2026-09-11T16:00:00Z,2026-10-07T07:28:56Z,panama,gdelt_doc,headline_metadata
art_7195bc485555aa00,Eurodiputado pide a la Unión Europea retirar la tarjeta amarilla a Panamá por pesca ilegal,https://www.laestrella.com.pa/economia/eurodiputado-pide-a-la-union-europea-retirar-la-tarjeta-amarilla-a-panama-por-pesca-ilegal-PB25602159,laestrella.com.pa,es,,2026-09-11T16:00:00Z,2026-10-07T07:28:56Z,panama,gdelt_doc,headline_metadata
art_addb72ed0aeea5c2,Fedotenis da a conocer jugadores que representarán a RD en Copa Davis,https://elsoldesantiago.com/fedotenis-da-a-conocer-jugadores-que-representaran-a-rd-en-copa-davis/,elsoldesantiago.com,es,,2026-09-11T16:00:00Z,2026-10-07T07:28:56Z,panama,gdelt_doc,headline_metadata
art_ebba1bb50d10851e,Así se fraguó el robo del petróleo venezolano,https://www.servindi.org/seccion-energia-actualidad-entrevistas/11/09/2026/asi-se-fraguo-el-robo-del-petroleo-venezolano,servindi.org,es,,2026-09-11T16:00:00Z,2026-10-07T07:28:56Z,panama,gdelt_doc,headline_metadata
art_f79188aea6b6fa85,Alianza Ciudadana Pro Justicia pide investigar a agentes encubierto de la Policía Nacional,https://www.laestrella.com.pa/panama/nacional/alianza-ciudadana-pro-justicia-pide-investigar-a-agentes-encubiertos-de-la-policia-nacional-NB25600379,laestrella.com.pa,es,,2026-09-11T16:00:00Z,2026-10-07T07:28:56Z,panama,gdelt_doc,headline_metadata
art_4254c22d9fe41b11,Hombres concentran el 87 % de las muertes por suicidio en Panamá,https://www.critica.com.pa/nacional/hombres-concentran-el-87-de-las-muertes-por-suicidio-en-panama-516212,critica.com.pa,es,,2026-09-11T17:45:00Z,2026-10-07T07:28:56Z,panama,gdelt_doc,headline_metadata
art_5cdc133b7c2b93a4,Quiénes son las estrellas del deporte que competirán en los Juegos Suramericanos Santa Fe 2026,https://eju.tv/2026/09/quienes-son-las-estrellas-del-deporte-que-competiran-en-los-juegos-suramericanos-santa-fe-2026/,eju.tv,es,,2026-09-11T17:45:00Z,2026-10-07T07:28:56Z,panama,gdelt_doc,headline_metadata
art_fd23ed2ea4f21311,Las « Notas de la Comunidad » llegan a Latinoamérica en Instagram y Facebook y especialistas alertan de sus peligros,https://ohmygeek.net/2026/09/10/las-notas-de-la-comunidad-llegan-a-latam/,ohmygeek.net,es,2026-09-10T00:00:00Z,2026-09-11T17:45:00Z,2026-10-07T07:28:56Z,panama,gdelt_doc,headline_metadata
art_44808c7513832013,Un estudio regional vincula un millón de empleos en Centroamérica al comercio intrarregional,https://www.infobae.com/el-salvador/2026/09/11/un-estudio-regional-vincula-un-millon-de-empleos-en-centroamerica-al-comercio-intrarregional/,infobae.com,es,2026-09-11T00:00:00Z,2026-09-11T19:00:00Z,2026-10-07T07:28:56Z,panama,gdelt_doc,headline_metadata
art_6c6d04ba4a3fed06,Luis Durango Jr . lleva su velocidad a los Naranjeros de Hermosillo,https://www.rpctv.com/beisbol/luis-durango-jr-lleva-su-velocidad-los-naranjeros-hermosillo-n6091460,rpctv.com,es,,2026-09-11T19:00:00Z,2026-10-07T07:28:56Z,panama,gdelt_doc,headline_metadata
art_b91d5bec26a34baf,Popayán aún no entiende su fundación y se debate entre mitos . Revisión histórica documental,https://www.las2orillas.co/popayan-aun-no-entiende-su-fundacion-y-se-debate-entre-mitos-revision-historica-documental/,las2orillas.co,es,,2026-09-11T19:00:00Z,2026-10-07T07:28:56Z,panama,gdelt_doc,headline_metadata
art_098a3cd67341e5c2,Alias Dimax : Presunto cabecilla de oficina de cobros con sicarios de Cali estuvo preso en Panamá 48 meses con un nombre falso,https://www.prensa.com/judiciales/alias-dimax-cabecilla-de-oficina-de-cobros-de-cali-estuvo-preso-en-panama-48-meses-con-un-nombre-falso/,prensa.com,es,,2026-09-11T19:30:00Z,2026-10-07T07:28:56Z,panama,gdelt_doc,headline_metadata
art_0d52797fe0088f74,El Niño amenaza con un récord histórico y más clima extremo,https://www.perfil.com/noticias/bloomberg/bc-el-nino-amenaza-con-un-record-historico-y-mas-clima-extremo.phtml,perfil.com,es,,2026-09-11T19:30:00Z,2026-10-07T07:28:56Z,panama,gdelt_doc,headline_metadata
art_21f63617a004d2f1,Yemil se indignó y le responde a un man que le dijo que era feísimo,https://www.critica.com.pa/show/yemil-se-indigno-y-le-responde-un-man-que-le-dijo-que-era-feisimo-516219,critica.com.pa,es,,2026-09-11T19:30:00Z,2026-10-07T07:28:56Z,panama,gdelt_doc,headline_metadata
art_229fb517500da25b,Demanda contra la Policía Municipal : empieza el periodo de alegatos,https://www.prensa.com/politica/demanda-contra-la-policia-municipal-empieza-el-periodo-de-alegatos/,prensa.com,es,,2026-09-11T19:30:00Z,2026-10-07T07:28:56Z,panama,gdelt_doc,headline_metadata
art_2d5ff21d852f5d19,"Grupos sociales denuncian una red de espionaje ; la Policía confirma que united states agentes encubierto , más no infiltrados",https://www.prensa.com/politica/grupos-sociales-denuncian-una-red-de-espionaje-la-policia-confirma-que-usa-agentes-encubiertos-mas-no-infiltrados/,prensa.com,es,,2026-09-11T19:30:00Z,2026-10-07T07:28:56Z,panama,gdelt_doc,headline_metadata
art_3ef238fd3c808cc9,"Entre lágrimas y violines , Ocú le dio el último adiós a Yin Carrizo",https://www.critica.com.pa/nacional/entre-lagrimas-y-violines-ocu-le-dio-el-ultimo-adios-yin-carrizo-516225,critica.com.pa,es,,2026-09-11T19:30:00Z,2026-10-07T07:28:56Z,panama,gdelt_doc,headline_metadata
art_6dc3b468f84b2d3e,Día del Maestro | Por qué se celebra cada 11 de septiembre,https://www.nuevodiarioweb.com.ar/especiales/info-santiago-estero-dia-del-maestro-por-que-se-celebra-cada-11-de-septiembre.htm,nuevodiarioweb.com.ar,es,,2026-09-11T19:30:00Z,2026-10-07T07:28:56Z,panama,gdelt_doc,headline_metadata
art_7990f1f2ac6779ae,Panamá : el gran ausente en PISA 2025,https://www.prensa.com/opinion/panama-el-gran-ausente-en-pisa-2025/,prensa.com,es,,2026-09-11T19:30:00Z,2026-10-07T07:28:56Z,panama,gdelt_doc,headline_metadata
art_7fe8d9b2829e71d0,Marisela Flores Torruco : La Dama de Hierro de la cocaína,https://www.milenio.com/policia/narcotrafico/marisela-flores-torruco-la-dama-de-hierro-de-la-cocaina,milenio.com,es,,2026-09-11T19:30:00Z,2026-10-07T07:28:56Z,panama,gdelt_doc,headline_metadata
art_978d69d4bf75db4a,Conductor pierde el control del volante y muere tras choque y vuelco en Bugaba,https://www.critica.com.pa/sucesos/conductor-pierde-el-control-del-volante-y-muere-tras-choque-y-vuelco-en-bugaba-516224,critica.com.pa,es,,2026-09-11T19:30:00Z,2026-10-07T07:28:56Z,panama,gdelt_doc,headline_metadata
art_9badf10651f7b63e,El Sur Global o una nueva geografía del poder,https://www.prensa.com/opinion/el-sur-global-o-una-nueva-geografia-del-poder/,prensa.com,es,,2026-09-11T19:30:00Z,2026-10-07T07:28:56Z,panama,gdelt_doc,headline_metadata
art_b08a7a83eff77581,Investigan un incendio intencional en una vivienda,https://www.surenio.com.ar/investigan-un-incendio-intencional-en-una-vivienda/,surenio.com.ar,es,,2026-09-11T19:30:00Z,2026-10-07T07:28:56Z,panama,gdelt_doc,headline_metadata
art_b2da113ded539f78,CLERHP acude al Foro de Inversionistas de Latinex para presentar Larimar City y las credenciales del grupo,https://cronicadecantabria.com/cr/clerhp-acude-al-foro-de-inversionistas-de-latinex-para-presentar-larimar-city-y-las-credenciales-del-grupo/,cronicadecantabria.com,es,,2026-09-11T19:30:00Z,2026-10-07T07:28:56Z,panama,gdelt_doc,headline_metadata
art_baf833cd6e63c5ab,El ídolo de ídolo recibe su último homenaje : Panamá despide a Ismael Laguna,https://www.prensa.com/deportes/el-idolo-de-idolos-recibe-su-ultimo-homenaje-panama-despide-a-ismael-laguna/,prensa.com,es,,2026-09-11T19:30:00Z,2026-10-07T07:28:56Z,panama,gdelt_doc,headline_metadata
art_daad850437566f38,Disparos a las 3 : 00 a . m . en Puerto Pilón dejan un muerto,https://www.critica.com.pa/sucesos/disparos-las-300-am-en-puerto-pilon-dejan-un-muerto-516220,critica.com.pa,es,,2026-09-11T19:30:00Z,2026-10-07T07:28:56Z,panama,gdelt_doc,headline_metadata
art_e32f06afb65e4c5b,Luis Durango Jr . firma con Naranjeros de Hermosillo en la Liga Mexicana del Pacífico,https://www.prensa.com/deportes/luis-durango-jr-firma-con-naranjeros-de-hermosillo-en-la-liga-mexicana-del-pacifico/,prensa.com,es,,2026-09-11T19:30:00Z,2026-10-07T07:28:56Z,panama,gdelt_doc,headline_metadata
art_ff3bec77cf89add8,El Salvador impulsa acciones de adaptación en la cuenca del río Grande de San Miguel,https://lapagina.com.sv/nacionales/el-salvador-impulsa-acciones-de-adaptacion-en-la-cuenca-del-rio-grande-de-san-miguel/,lapagina.com.sv,es,,2026-09-11T19:45:00Z,2026-10-07T07:28:56Z,panama,gdelt_doc,headline_metadata
art_2b40d38ceb0e8683,Brilla en Europa : Martina Weil logra su mejor tiempo de la temporada y avanza a la final en Budapest,https://www.latercera.com/el-deportivo/noticia/brilla-en-europa-martina-weil-logra-su-mejor-tiempo-de-la-temporada-y-avanza-a-la-final-en-budapest/,latercera.com,es,,2026-09-11T20:00:00Z,2026-10-07T07:28:56Z,panama,gdelt_doc,headline_metadata
art_cceefc9177e86a52,Derecha Popular : cómo reconstruir la dignidad del trabajador sin banderas de izquierda,https://panampost.com/oriana-rivas/2026/09/11/derecha-popular-nuevo-libro-raul-tortolero/,panampost.com,es,2026-09-11T00:00:00Z,2026-09-11T20:15:00Z,2026-10-07T07:28:56Z,panama,gdelt_doc,headline_metadata
art_2c263250bc002736,Anne Lorain Lanier denuncia que la nana de sus hijos la golpeó,https://www.panamaamerica.com.pa/variedades/anne-lorain-lanier-denuncia-que-la-nana-de-sus-hijos-la-golpeo-1266247,panamaamerica.com.pa,es,,2026-09-11T20:30:00Z,2026-10-07T07:28:56Z,panama,gdelt_doc,headline_metadata
art_840418da0d9fff0f,La Expo Capasu 2026 reúne a más de 200 marcas,https://www.arp.org.py/index.php?option=com_content&view=article&id=4657:la-expo-capasu-2026-reune-a-mas-de-200-marcas&catid=16&Itemid=116,arp.org.py,es,,2026-09-11T20:30:00Z,2026-10-07T07:28:56Z,panama,gdelt_doc,headline_metadata
art_b42c1eec6aa1fa9e,Alex Rose reconecta con su ADN musical del R & B latino en su nuevo proyecto La Rosa,https://www.panamaamerica.com.pa/variedades/alex-rose-reconecta-con-su-adn-musical-del-rb-latino-en-su-nuevo-proyecto-la-rosa-1266246,panamaamerica.com.pa,es,,2026-09-11T20:30:00Z,2026-10-07T07:28:56Z,panama,gdelt_doc,headline_metadata
art_4329add3a845895a,Ataque de cocodrilo en el puerto de Coquira causa alarma en Panamá Este,https://www.panamaamerica.com.pa/sucesos/ataque-de-cocodrilo-en-el-puerto-de-coquira-causa-alarma-en-panama-este-1266248,panamaamerica.com.pa,es,,2026-09-11T21:15:00Z,2026-10-07T07:28:56Z,panama,gdelt_doc,headline_metadata
art_515800fbe95e31f0,Sistema Penitenciario implementará compras en línea para entrega de artículos a privados de libertad,https://www.panamaamerica.com.pa/sociedad/sistema-penitenciario-implementara-compras-en-linea-para-entrega-de-articulos-privados-de,panamaamerica.com.pa,es,,2026-09-11T21:15:00Z,2026-10-07T07:28:56Z,panama,gdelt_doc,headline_metadata
art_5556d9f10410b1a0,Y sin embargo … FUE EL ESTADO - Puebla La Jornada de Oriente,https://www.lajornadadeoriente.com.mx/puebla/y-sin-embargo-fue-el-estado/,lajornadadeoriente.com.mx,es,,2026-09-11T21:15:00Z,2026-10-07T07:28:56Z,panama,gdelt_doc,headline_metadata
art_cf834ccf3bb133b6,Chichero representará a Panamá en los Goya y los Óscar,https://www.panamaamerica.com.pa/variedades/chichero-representara-panama-en-los-goya-y-los-oscar-1266249,panamaamerica.com.pa,es,,2026-09-11T21:15:00Z,2026-10-07T07:28:56Z,panama,gdelt_doc,headline_metadata
art_100fce4dada8a9e0,Capturan en Costa Rica a criminal panameño vinculado al Tren de Aragua,https://laverdad.com/capturan-en-costa-rica-a-criminal-panameno-vinculado-al-tren-de-aragua/,laverdad.com,es,,2026-09-11T21:30:00Z,2026-10-07T07:28:56Z,panama,gdelt_doc,headline_metadata
art_570743a7752ae5e9,Venezolanos en México : las mejores oportunidades para los migrantes en este 2026,https://bitlysdowssl-aws.com/2026/09/venezolanos-en-mexico-las-mejores-oportunidades-para-los-migrantes-en-este-2026/,bitlysdowssl-aws.com,es,,2026-09-11T21:30:00Z,2026-10-07T07:28:56Z,panama,gdelt_doc,headline_metadata
art_fce1659f85eaf5dd,Panamá : Alianza Ciudadana expresa preocupación por red de espionaje estatal a organizaciones sociales,https://www.telesurtv.net/panama-alianza-ciudadana-red-espionaje/,telesurtv.net,es,,2026-09-11T21:30:00Z,2026-10-07T07:28:56Z,panama,gdelt_doc,headline_metadata
art_feb4e3ae7e876b19,El reloj de mi hermano,https://www.diariolasamericas.com/opinion/el-reloj-mi-hermano-n5401937,diariolasamericas.com,es,,2026-09-11T21:45:00Z,2026-10-07T07:28:56Z,panama,gdelt_doc,headline_metadata
art_1384b266b0a3601b,Rosh Hashaná 2026 : ¿ qué se celebra y cuándo comienza el Año Nuevo judío ?,https://www.telemetro.com/nacionales/rosh-hashana-2026-que-se-celebra-y-cuando-comienza-el-ano-nuevo-judio-n6091517,telemetro.com,es,,2026-09-11T22:30:00Z,2026-10-07T07:28:56Z,panama,gdelt_doc,headline_metadata
art_16c3cf23ac67676b,Colombiano de 21 años se entrega en Darién y pide refugio en Panamá : esto dijeron las autoridades,https://www.telemetro.com/nacionales/colombiano-21-anos-se-entrega-darien-y-pide-refugio-panama-esto-dijeron-las-autoridades-n6091514,telemetro.com,es,,2026-09-11T22:30:00Z,2026-10-07T07:28:56Z,panama,gdelt_doc,headline_metadata
art_4251e52a7638c715,Segundo embarque de concentrado de cobre de Cobre Panamá saldrá hacia India,https://www.larepublica.co/globoeconomia/segundo-embarque-de-cobre-panama-saldra-hacia-india-con-38-000-toneladas-4479777,larepublica.co,es,,2026-09-11T22:30:00Z,2026-10-07T07:28:56Z,panama,gdelt_doc,headline_metadata
art_6a333af942a3642a,Christian Beguer se despide de la Selección de Panamá con emotivo mensaje,https://www.telemetro.com/deportes/christian-beguer-se-despide-la-seleccion-panama-emotivo-mensaje-n6091489,telemetro.com,es,,2026-09-11T22:30:00Z,2026-10-07T07:28:56Z,panama,gdelt_doc,headline_metadata
art_6ace7c893c7bca8b,Óscar Iván Zuluaga : Fiscalía embarga bienes en Bogotá y Caldas por caso Odebrecht Colombia,https://www.pulzo.com/nacion/oscar-ivan-zuluaga-fiscalia-embarga-bienes-en-bogota-y-caldas-por-caso-odebrecht-colombia-PP5300198A,pulzo.com,es,,2026-09-11T22:30:00Z,2026-10-07T07:28:56Z,panama,gdelt_doc,headline_metadata
art_922d11239593af7b,Embargan inmuebles de Óscar Iván Zuluaga avaluados en 3 . 664 millones de pesos,https://www.pulzo.com/nacion/embargan-inmuebles-oscar-ivan-zuluaga-avaluados-3664-millones-pesos-PP5300033,pulzo.com,es,,2026-09-11T22:30:00Z,2026-10-07T07:28:56Z,panama,gdelt_doc,headline_metadata
art_b0b4009d9091d149,"Domingo Faustino Sarmiento , el hombre que dio origen al Día del Maestro",https://www.nuevodiarioweb.com.ar/especiales/info-santiago-estero-domingo-faustino-sarmiento-el-hombre-que-dio-origen-al-dia-del-maestro.htm,nuevodiarioweb.com.ar,es,,2026-09-11T22:30:00Z,2026-10-07T07:28:56Z,panama,gdelt_doc,headline_metadata
art_ce5d08fa1307592a,Cadena humana por Jafet González : un mes sin respuestas,https://www.critica.com.pa/sucesos/cadena-humana-por-jafet-gonzalez-un-mes-sin-respuestas-516228,critica.com.pa,es,,2026-09-11T22:30:00Z,2026-10-07T07:28:56Z,panama,gdelt_doc,headline_metadata
art_daea82b25cc224d5,ASEP da seguimiento a incidencia en recargas prepago de ENSA : así puede obtener un PIN sin costo,https://www.telemetro.com/nacionales/asep-da-seguimiento-incidencia-recargas-prepago-ensa-asi-puede-obtener-un-pin-costo-n6091520,telemetro.com,es,,2026-09-11T22:30:00Z,2026-10-07T07:28:56Z,panama,gdelt_doc,headline_metadata
art_faf3305a1ecd0519,"ATTT multa con B /. 2 , 500 a dos conductores de buses captados en regata en Panamá Este",https://www.telemetro.com/nacionales/attt-multa-b2500-dos-conductores-buses-captados-regata-panama-este-n6091508,telemetro.com,es,,2026-09-11T22:30:00Z,2026-10-07T07:28:56Z,panama,gdelt_doc,headline_metadata
art_081c1ec234cef4ba,Exiliados nicaragüenses piden a EE . UU . una intervención militar en Nicaragua,https://confirmado.com.ve/exiliados-nicaraguenses-piden-a-ee-uu-una-intervencion-militar-en-nicaragua/,confirmado.com.ve,es,,2026-09-11T22:45:00Z,2026-10-07T07:28:56Z,panama,gdelt_doc,headline_metadata
art_0c3ef0def5353ca7,CAF concede préstamo de 500 millones de dólares a banco de Panamá para el sector agrícola,https://www.diaadia.com.pa/el-pais/caf-concede-prestamo-de-500-millones-de-dolares-banco-de-panama-para-el-sector-agricola,diaadia.com.pa,es,,2026-09-11T22:45:00Z,2026-10-07T07:28:56Z,panama,gdelt_doc,headline_metadata
art_1853bebee33cf30e,​Don Pablo Mures conquista Billboard con Deja la envidia pelao y anuncia la suspensión de su concierto este 12 septiembre,https://www.midiario.com/farandula/don-pablo-mures-conquista-billboard-con-deja-la-envidia-pelao-y-anuncia-la-suspension-de-su-concierto-este-12-septiembre/,midiario.com,es,,2026-09-11T22:45:00Z,2026-10-07T07:28:56Z,panama,gdelt_doc,headline_metadata
art_4266e2ec5f642ba4,Suky Yard reacciona tras muerte de niño de 10 años en Pedasí : ¿ Cómo un niño de esta edad toma esta decisión ?,https://www.midiario.com/nacionales/suky-yard-reacciona-tras-muerte-de-nino-de-10-anos-en-pedasi-como-un-nino-de-esta-edad-toma-esta-decision/,midiario.com,es,,2026-09-11T22:45:00Z,2026-10-07T07:28:56Z,panama,gdelt_doc,headline_metadata
art_46485c743e1f6dcd,Sus hijos lo inspiraron : DJ Chiqui Dubs da el salto como cantante en Ese Soy Yo,https://www.midiario.com/farandula/sus-hijos-lo-inspiraron-dj-chiqui-dubs-da-el-salto-como-cantante-en-ese-soy-yo/,midiario.com,es,,2026-09-11T22:45:00Z,2026-10-07T07:28:56Z,panama,gdelt_doc,headline_metadata
art_47ccfe126a18e0cf,"VÍDEO | Chombón cruzó la frontera , pero no pasó agachado : lo ubicaron en Costa Rica",https://www.midiario.com/policiales/chombon-cruzo-la-frontera-pero-no-paso-agachado-lo-ubicaron-en-costa-rica/,midiario.com,es,,2026-09-11T22:45:00Z,2026-10-07T07:28:56Z,panama,gdelt_doc,headline_metadata
art_592e628b408fac2b,El ministro de Comercio de Francia visita el lunes Panamá con su Canal como prioridad,https://www.diaadia.com.pa/el-pais/el-ministro-de-comercio-de-francia-visita-el-lunes-panama-con-su-canal-como-prioridad,diaadia.com.pa,es,,2026-09-11T22:45:00Z,2026-10-07T07:28:56Z,panama,gdelt_doc,headline_metadata
art_60f8b4dfc53784f7,El ídolo de ídolo recibe su último homenaje : Panamá despide a Ismael Laguna,https://www.midiario.com/deportivas/el-idolo-de-idolos-recibe-su-ultimo-homenaje-panama-despide-a-ismael-laguna/,midiario.com,es,,2026-09-11T22:45:00Z,2026-10-07T07:28:56Z,panama,gdelt_doc,headline_metadata
art_7ab919b195e85b71,Panamá monitorea investigación por incidente que afectó a tanquero de su marina mercante en aguas de Irak,https://www.mundomaritimo.cl/noticias/panama-monitorea-investigacion-por-incidente-que-afecto-a-tanquero-de-su-marina-mercante-en-aguas-de-irak,mundomaritimo.cl,es,,2026-09-11T22:45:00Z,2026-10-07T07:28:56Z,panama,gdelt_doc,headline_metadata
art_ae2a0d8c540e03bc,"Empleo 2 . 0 ya tiene casi 18 mil inscritos y más de 8 mil vacantes : fechas , empresas y cómo registrarse",https://www.midiario.com/nacionales/empleo-20-ya-tiene-casi-18-mil-inscritos-y-mas-de-8-mil-vacantes-fechas-empresas-y-como-registrarse/,midiario.com,es,,2026-09-11T22:45:00Z,2026-10-07T07:28:56Z,panama,gdelt_doc,headline_metadata
art_bc523a0cb77f9d1b,Trump llenará bodegas y supermercados venezolanos con productos de EEUU,https://panampost.com/jose-gregorio-martinez/2026/09/11/trump-llenara-bodegas-y-supermercados-venezolanos-con-productos-de-eeuu/,panampost.com,es,2026-09-11T00:00:00Z,2026-09-11T22:45:00Z,2026-10-07T07:28:56Z,panama,gdelt_doc,headline_metadata
art_c6b96445abff9e19,Un exfiscal sería el líder de una red de secuestros del crimen organizado en Chile,https://panampost.com/gabriela-moreno/2026/09/11/crimen-organizadorecluta-a-exfiscal-en-chile-para-liderar-red-de-secuestros/,panampost.com,es,2026-09-11T00:00:00Z,2026-09-11T22:45:00Z,2026-10-07T07:28:56Z,panama,gdelt_doc,headline_metadata
art_f52e70d2ebfd61dd,Segundo embarque de concentrado de minera Cobre Panamá zarpa con destino a India,https://www.mundomaritimo.cl/noticias/segundo-embarque-de-concentrado-de-minera-cobre-panama-zarpa-con-destino-a-india,mundomaritimo.cl,es,,2026-09-11T22:45:00Z,2026-10-07T07:28:56Z,panama,gdelt_doc,headline_metadata
art_f6dfac0e2a644c80,"¿ Dónde está Jafeth ?: a un mes de su desaparición , la UTP se moviliza y la justicia avanza contra seis implicados",https://www.midiario.com/nacionales/donde-esta-jafeth-a-un-mes-de-su-desaparicion-la-utp-se-moviliza-y-la-justicia-avanza-contra-seis-implicados/,midiario.com,es,,2026-09-11T22:45:00Z,2026-10-07T07:28:56Z,panama,gdelt_doc,headline_metadata
art_0f7b2b0f14f07735,Se empieza a vivir la fiesta de los Juegos Suramericanos Santa Fe 2026,https://www.superdepor.com.ar/superdepor/nota/2026-9-11-19-2-0-se-empieza-a-vivir-la-fiesta-de-los-juegos-suramericanos-santa-fe-2026,superdepor.com.ar,es,,2026-09-11T23:00:00Z,2026-10-07T07:28:56Z,panama,gdelt_doc,headline_metadata
art_3d52893116b82ea7,Embargan tres inmuebles de excandidato presidencial Óscar Iván Zuluaga por presunta financiación de Odebrecht,https://www.lapatria.com/sucesos/embargan-tres-inmuebles-de-excandidato-presidencial-oscar-ivan-zuluaga-por-presunta,lapatria.com,es,,2026-09-11T23:00:00Z,2026-10-07T07:28:56Z,panama,gdelt_doc,headline_metadata
art_81dfbaa2edb98534,Silvio Rodríguez : « Cuba es una Gaza silenciosa . Hoy más que nunca necesitamos que nos visiten »,https://www.elcorreo.com/culturas/musica/silvio-rodriguez-cuba-gaza-silenciosa-hoy-nunca-20260911004020-nt.html,elcorreo.com,es,,2026-09-11T23:00:00Z,2026-10-07T07:28:56Z,panama,gdelt_doc,headline_metadata
art_a0f59a18fa3fa85e,Con honores fúnebres dan el último adiós a Ismael Laguna,https://www.diaadia.com.pa/deportes/con-honores-funebres-dan-el-ultimo-adios-ismael-laguna-791557,diaadia.com.pa,es,,2026-09-11T23:00:00Z,2026-10-07T07:28:56Z,panama,gdelt_doc,headline_metadata
art_1fa1915011a6f917,Aeropuerto Mariscal Sucre suspenderá vuelos,https://www.eldiario.ec/quito/aeropuerto-mariscal-sucre-suspendera-operaciones-aereas-este-12-de-septiembre-11092026/,eldiario.ec,es,,2026-09-11T23:15:00Z,2026-10-07T07:28:56Z,panama,gdelt_doc,headline_metadata
art_2105837e2d1362d8,"Falso Gabriel Ángel era D - Max , colombiano vinculado a sicariato en su país",https://www.critica.com.pa/sucesos/falso-gabriel-angel-era-d-max-colombiano-vinculado-sicariato-en-su-pais-516231,critica.com.pa,es,,2026-09-11T23:15:00Z,2026-10-07T07:28:56Z,panama,gdelt_doc,headline_metadata
art_229ae143e907a779,Cursos de Cooperasur . org . – Ministerio de Relaciones exteriores,https://mire.gob.pa/cursos-de-cooperasur-org/,mire.gob.pa,es,,2026-09-11T23:15:00Z,2026-10-07T07:28:56Z,panama,gdelt_doc,headline_metadata
art_3f0ea812475ec845,"Panamá aspira convertirse en una plataforma de Brasil hacia Centroamérica , el Caribe y otros mercados , afirma canciller Martínez - Acha Vásquez – Ministerio de Relaciones exteriores",https://mire.gob.pa/panama-aspira-convertirse-en-una-plataforma-de-brasil-hacia-centroamerica-el-caribe-y-otros-mercados-afirma-canciller-martinez-acha-vasquez/,mire.gob.pa,es,,2026-09-11T23:15:00Z,2026-10-07T07:28:56Z,panama,gdelt_doc,headline_metadata
art_51e32e1caf3c4871,Nueva terminal de Colón apunta a octubre : obra va por 95 %,https://www.critica.com.pa/nacional/nueva-terminal-de-colon-apunta-octubre-obra-va-por-95-516232,critica.com.pa,es,,2026-09-11T23:15:00Z,2026-10-07T07:28:56Z,panama,gdelt_doc,headline_metadata
art_5465c6fbef9d0881,Anne Loraine eliminó las publicaciones de su lío y aclara lo que pasó,https://www.critica.com.pa/show/anne-loraine-elimino-las-publicaciones-de-su-lio-y-aclara-lo-que-paso-516234,critica.com.pa,es,,2026-09-11T23:15:00Z,2026-10-07T07:28:56Z,panama,gdelt_doc,headline_metadata
art_662cfc569b9ac2a8,Hallan cadáver amordazado en Cativá ; podría ser un adolescente desaparecido,https://www.critica.com.pa/sucesos/hallan-cadaver-amordazado-en-cativa-podria-ser-un-adolescente-desaparecido-516238,critica.com.pa,es,,2026-09-11T23:15:00Z,2026-10-07T07:28:56Z,panama,gdelt_doc,headline_metadata
art_880d05e939cd7063,Arrancan los Juegos Suramericanos 2026 que tendrán como sede a Santa Fe,https://diarioelargentino.com/deportes/arrancan-los-juegos-suramericanos-2026-que-tendran-como-sede-a-santa-fe.htm,diarioelargentino.com,es,,2026-09-11T23:15:00Z,2026-10-07T07:28:56Z,panama,gdelt_doc,headline_metadata
art_a771a5255831d2b5,Recibía mercancía robada y la vendía ; ahora deberá pagar B /. 600 al Estado,https://www.critica.com.pa/sucesos/recibia-mercancia-robada-y-la-vendia-ahora-debera-pagar-b600-al-estado-516237,critica.com.pa,es,,2026-09-11T23:15:00Z,2026-10-07T07:28:56Z,panama,gdelt_doc,headline_metadata
art_f5808536d4b67b15,"Vega sobre la prueba PISA : Vamos a participar , pero vamos a prepararnos",https://www.critica.com.pa/nacional/vega-sobre-la-prueba-pisa-vamos-participar-pero-vamos-prepararnos-516229,critica.com.pa,es,,2026-09-11T23:15:00Z,2026-10-07T07:28:56Z,panama,gdelt_doc,headline_metadata
art_f6c31a2175528a6f,Cómo evitar que se pierdan miles de millones en obras trabadas y arbitrajes,https://jcmagazine.com/como-evitar-que-se-pierdan-miles-de-millones-en-obras-trabadas-y-arbitrajes/,jcmagazine.com,es,,2026-09-11T23:15:00Z,2026-10-07T07:28:56Z,panama,gdelt_doc,headline_metadata
art_3daafa888ccf440f,Murcianos de dinamita | La Verdad,https://www.laverdad.es/opinion/murcianos-dinamita-20260912223306-nt.html,laverdad.es,es,,2026-09-11T23:30:00Z,2026-10-07T07:28:56Z,panama,gdelt_doc,headline_metadata
art_472becbf141f89c9,Tena da a conocer la lista de convocados de para los primeros partidos de la Liga de Naciones,https://dca.gob.gt/noticias-guatemala-diario-centro-america/tena-da-a-conocer-la-lista-de-convocados-de-guatemala-para-los-primeros-partidos-de-la-liga-de-naciones/,dca.gob.gt,es,,2026-09-11T23:30:00Z,2026-10-07T07:28:56Z,panama,gdelt_doc,headline_metadata
art_74eb24c6f5181088,Luis Fernando Tena revela la convocatoria de Guatemala para la Liga de Naciones 2026 - 27 y una mirada puesta en la Copa Oro 2027,https://www.prensalibre.com/deportes/futbol-nacional/luis-fernando-tena-revela-la-convocatoria-de-guatemala-para-la-liga-de-naciones-2026-27-y-una-mirada-puesta-en-la-copa-oro-2027-breaking/,prensalibre.com,es,,2026-09-11T23:30:00Z,2026-10-07T07:28:56Z,panama,gdelt_doc,headline_metadata
art_02b51669f3e3aeaa,Qué beneficio gratis tienen colombianos en viaje a Panamá desde septiembre 2026,https://www.pulzo.com/vivir-bien/viajes-y-turismo/que-beneficio-gratis-tienen-colombianos-viaje-panama-desde-septiembre-2026-PP5300061,pulzo.com,es,,2026-09-11T23:45:00Z,2026-10-07T07:28:56Z,panama,gdelt_doc,headline_metadata
art_093a5b6af8f4a00e,Beto Valderrama : legado e historia musical de Margarita,https://radiomundial.com.ve/beto-valderrama-el-maestro-indiscutible-de-la-musica-tradicional-de-la-isla-de-margarita/,radiomundial.com.ve,es,,2026-09-12T01:15:00Z,2026-10-07T07:28:56Z,panama,gdelt_doc,headline_metadata
art_12c6f682dbc66781,BANISTMO mira hacia Centroamérica : la estrategia de Sentmat de Grimaldo para su nueva etapa,https://www.revistaeyn.com/empresasymanagement/banistmo-mira-hacia-centroamerica-la-estrategia-de-sentmat-de-grimaldo-para-su-nueva-etapa-FA32010115,revistaeyn.com,es,,2026-09-12T01:15:00Z,2026-10-07T07:28:56Z,panama,gdelt_doc,headline_metadata
art_3a0ea7c5283dfb35,Declaración de la Red Internacional de Verificación de Hechos sobre la expansión de las Notas de la Comunidad de Meta a América Latina,https://www.poynter.org/fact-checking/2026/declaracion-de-la-red-internacional-de-verificacion-de-hechos-sobre-la-expansion-de-las-notas-de-la-comunidad-de-meta-a-america-latina/,poynter.org,es,,2026-09-12T01:15:00Z,2026-10-07T07:28:56Z,panama,gdelt_doc,headline_metadata
art_74d0d6097805532d,Fiscalía ocupa bienes de Óscar Iván Zuluaga por investigación sobre financiación de su campaña presidencial de 2014,https://laopinion.co:443/colombia/fiscalia-ocupa-bienes-de-oscar-ivan-zuluaga-por-investigacion-sobre-financiacion-de-su,laopinion.co,es,,2026-09-12T01:15:00Z,2026-10-07T07:28:56Z,panama,gdelt_doc,headline_metadata
art_be3709b8a3f38d8d,Fiscalía embarga bienes de Óscar Iván Zuluaga,https://diariodelhuila.com/fiscalia-embarga-bienes-de-oscar-ivan-zuluaga-por-investigacion-sobre-su-campana-de-2014/,diariodelhuila.com,es,,2026-09-12T01:15:00Z,2026-10-07T07:28:56Z,panama,gdelt_doc,headline_metadata
art_feeb0f833314df8c,Óscar Iván Zuluaga enfrenta nueva medida por el caso Odebrecht,https://www.elnuevodia.com.co/politica/oscar-ivan-zuluaga-enfrenta-nueva-medida-por-el-caso-odebrecht-539455,elnuevodia.com.co,es,,2026-09-12T01:15:00Z,2026-10-07T07:28:56Z,panama,gdelt_doc,headline_metadata
art_af21e2549ecdd363,Los Santos y Panamá Oeste jugarán la final del béisbol sub - 10,https://www.laestrella.com.pa/deportes/beisbol/los-santos-y-panama-oeste-jugaran-la-final-del-beisbol-sub-10-GA25615399,laestrella.com.pa,es,,2026-09-12T01:30:00Z,2026-10-07T07:28:56Z,panama,gdelt_doc,headline_metadata
art_2995dd9b6f6f7277,"Geopolítica , declaraciones , construcción de percepciones y de conciencia ( I )",https://www.diarioelcentro.cl/2026/09/11/geopolitica-declaraciones-construccion-de-percepciones-y-de-conciencia-i/,diarioelcentro.cl,es,2026-09-11T00:00:00Z,2026-09-12T02:00:00Z,2026-10-07T07:28:56Z,panama,gdelt_doc,headline_metadata
art_4949b89d4c27fb15,"¡ Jefa , jefa , jefa !: quién es Ilya Espino de Marotta , la ingeniera de casco rosa que al frente del Canal de Panamá supervisa parte del comercio mundial | Sociedad | La Revista",https://www.eluniverso.com/larevista/sociedad/jefa-jefa-jefa-quien-es-ilya-espino-de-marotta-la-ingeniera-de-casco-rosa-que-al-frente-del-canal-de-panama-supervisa-parte-del-comercio-mundial-nota/,eluniverso.com,es,,2026-09-12T02:00:00Z,2026-10-07T07:28:56Z,panama,gdelt_doc,headline_metadata
art_299c125cc3e44680,Fiscalía ordenó el embargo de tres propiedades de Óscar Iván Zuluaga : superan los $3 . 664 millones,https://www.elheraldo.co/colombia/2026/09/11/fiscalia-ordeno-el-embargo-de-tres-propiedades-de-oscar-ivan-zuluaga-superan-los-3664-millones/,elheraldo.co,es,2026-09-11T00:00:00Z,2026-09-12T02:15:00Z,2026-10-07T07:28:56Z,panama,gdelt_doc,headline_metadata
art_732ff18d056f12fd,Panamá : policía admite agentes encubiertos en organizaciones sociales,https://www.telesurtv.net/panama-policia-infiltro-organizaciones/,telesurtv.net,es,,2026-09-12T02:15:00Z,2026-10-07T07:28:56Z,panama,gdelt_doc,headline_metadata
art_758df49ef6951333,Meta prueba Notas de la Comunidad en Argentina para frenar las fake news,https://www.mdzol.com/tecnologia/meta-prueba-notas-la-comunidad-argentina-frenar-las-fake-news-n1605023,mdzol.com,es,,2026-09-12T02:15:00Z,2026-10-07T07:28:56Z,panama,gdelt_doc,headline_metadata
art_c145c5b292ed87ee,Miembro de red de sicarios buscado en Colombia estuvo preso en Panamá bajo un nombre falso,https://www.elheraldo.co/colombia/2026/09/11/miembro-de-red-de-sicarios-buscado-en-colombia-estuvo-preso-en-panama-bajo-un-nombre-falso/,elheraldo.co,es,2026-09-11T00:00:00Z,2026-09-12T02:15:00Z,2026-10-07T07:28:56Z,panama,gdelt_doc,headline_metadata
art_04a0735046d9e59b,Proponen reasignar a menores en un plazo máximo de 15 días tras adopciones fallidas,https://www.panamaamerica.com.pa/sociedad/proponen-reasignar-menores-en-un-plazo-maximo-de-15-dias-tras-adopciones-fallidas-1266257,panamaamerica.com.pa,es,,2026-09-12T03:00:00Z,2026-10-07T07:28:56Z,panama,gdelt_doc,headline_metadata
art_1137f5f542d51bca,Miembro de red de sicarios buscado en Colombia estuvo preso en Panamá bajo un nombre falso,https://www.diaadia.com.pa/el-pais/miembro-de-red-de-sicarios-buscado-en-colombia-estuvo-preso-en-panama-bajo-un-nombre-falso,diaadia.com.pa,es,,2026-09-12T03:30:00Z,2026-10-07T07:28:56Z,panama,gdelt_doc,headline_metadata
art_2f0a005af74b34f4,"¡ Ay , esos tacos ! Frank admite que extraña a María del Pilar cuando cocina su comida favorita",https://www.midiario.com/farandula/ay-esos-tacos-frank-admite-que-extrana-a-maria-del-pilar-cuando-cocina-su-comida-favorita/,midiario.com,es,,2026-09-12T03:30:00Z,2026-10-07T07:28:56Z,panama,gdelt_doc,headline_metadata
art_38b9c051c6e68b50,Édgar Yoel Bárcenas pasa por el quirófano por lesión de rodilla,https://www.midiario.com/deportivas/edgar-yoel-barcenas-pasa-por-el-quirofano-por-lesion-de-rodilla/,midiario.com,es,,2026-09-12T03:30:00Z,2026-10-07T07:28:56Z,panama,gdelt_doc,headline_metadata
art_a94d3ed2bed7e8fc,Panamá define su convocatoria Sub - 17 para la gira en España,https://www.midiario.com/deportivas/panama-define-su-convocatoria-sub-17-para-la-gira-en-espana/,midiario.com,es,,2026-09-12T03:30:00Z,2026-10-07T07:28:56Z,panama,gdelt_doc,headline_metadata
art_01385f63b3920e71,Hija de una víctima del 9 / 11 realiza primer lanzamiento en Yankee Stadium – Telemundo New York ( 47 ),https://www.telemundo47.com/noticias/local/hija-victima-del-9-11-realiza-primer-lanzamiento-partido-mets-yankees/2654499/,telemundo47.com,es,,2026-09-12T04:15:00Z,2026-10-07T07:28:56Z,panama,gdelt_doc,headline_metadata
art_3d4544e0d98d96aa,Dos bocinazos de una embarcación causaron alarma en Rosario,https://www.lacapital.com.ar/la-ciudad/dos-bocinazos-una-embarcacion-causaron-alarma-rosario-n10280472.html,lacapital.com.ar,es,,2026-09-12T04:30:00Z,2026-10-07T07:28:56Z,panama,gdelt_doc,headline_metadata
art_451f8c89c8690c19,Hoy Tamaulipas - Tamaulipas Erasmo Gonzalez Robledo rinde su Segundo Informe de Gobierno,https://hoytamaulipas.net/notas/626948/Erasmo-Gonzalez-Robledo-rinde-su-Segundo-Informe-de-Gobierno.html,hoytamaulipas.net,es,,2026-09-12T04:30:00Z,2026-10-07T07:28:56Z,panama,gdelt_doc,headline_metadata
art_6d5786e2f380f940,Real Madrid vs Rayo Vallecano EN VIVO y EN DIRECTO por partido de LaLiga via ESPN y Movistar Plus,https://libero.pe/futbol-internacional/liga-espanola/2026/09/11/real-madrid-vs-rayo-vallecano-en-vivo-en-directo-partido-de-laliga-via-espn-movistar-plus-478093,libero.pe,es,2026-09-11T00:00:00Z,2026-09-12T04:30:00Z,2026-10-07T07:28:56Z,panama,gdelt_doc,headline_metadata
art_8d39610d23b2c53f,Cubadebate,http://www.cubadebate.cu/especiales/2026/09/12/victoria-de-fidel-castro-sobre-la-operacion-de-la-cia-de-1958-para-impedir-el-triunfo-de-la-revolucion/,cubadebate.cu,es,2026-09-12T00:00:00Z,2026-09-12T04:30:00Z,2026-10-07T07:28:56Z,panama,gdelt_doc,headline_metadata
art_9e516870262cd53f,"Santiago Tejedor : No necesitamos operadores tecnológicos , necesitamos periodistas",https://www.lanacion.com.ar/economia/negocios/santiago-tejedor-no-necesitamos-operadores-tecnologicos-necesitamos-periodistas-nid12092026/,lanacion.com.ar,es,,2026-09-12T04:30:00Z,2026-10-07T07:28:56Z,panama,gdelt_doc,headline_metadata
art_ed105e0ba25cb3cc,Los ricos del béisbol : Los contratos más caros en la historia de MLB,https://hoy.com.do/deportes/ricos-beisbol-contratos-caros-historia-mlb_1102147.html,hoy.com.do,es,,2026-09-12T04:30:00Z,2026-10-07T07:28:56Z,panama,gdelt_doc,headline_metadata
art_bcd55f05e7830d08,Imitación y despojo lesionan a pueblos indígenas latinoamericanos,https://confirmado.net/imitacion-y-despojo-lesionan-a-pueblos-indigenas-latinoamericanos/,confirmado.net,es,,2026-09-12T05:00:00Z,2026-10-07T07:28:56Z,panama,gdelt_doc,headline_metadata
art_64cb7fcafa4daffc,Expertos analizan iniciativas para modificar el mercado energético,https://www.telemetro.com/nacionales/expertos-analizan-iniciativas-modificar-el-mercado-energetico-n6091548,telemetro.com,es,,2026-09-12T05:30:00Z,2026-10-07T07:28:56Z,panama,gdelt_doc,headline_metadata
art_3e379acea68fffbd,El derecho de paso en el Canal de Panamá : ¿ la ley del más fuerte ?,https://www.ambito.com/opiniones/el-derecho-paso-el-canal-panama-la-ley-del-mas-fuerte-n6321399,ambito.com,es,,2026-09-12T05:45:00Z,2026-10-07T07:28:56Z,panama,gdelt_doc,headline_metadata
art_37f03c3453848799,"Rubio y de la Espriella , una gran oportunidad",https://www.semana.com/opinion/articulo/rubio-y-de-la-espriella-una-gran-oportunidad/202651/,semana.com,es,,2026-09-12T06:00:00Z,2026-10-07T07:28:56Z,panama,gdelt_doc,headline_metadata
art_b5413347affc5fdf,Cómo alienta Trump el revisionismo territorial,https://listindiario.com/puntos-de-vista/20260912/como-alienta-trump-revisionismo-territorial_921839.html,listindiario.com,es,2026-09-12T00:00:00Z,2026-09-12T06:00:00Z,2026-10-07T07:28:56Z,panama,gdelt_doc,headline_metadata
art_005fdf741e4f4a95,Detectan presunta tala ilegal y decomisan 12 piezas de madera en La Amistad,https://www.critica.com.pa/sucesos/detectan-presunta-tala-ilegal-y-decomisan-12-piezas-de-madera-en-la-amistad-516255,critica.com.pa,es,,2026-09-12T06:30:00Z,2026-10-07T07:28:56Z,panama,gdelt_doc,headline_metadata
art_01b5116ed67181c8,Vacaciones escolares : el descanso que protege la salud mental de los niños,https://www.laestrella.com.pa/panama/nacional/vacaciones-escolares-el-descanso-que-protege-la-salud-mental-de-los-ninos-EA25615661,laestrella.com.pa,es,,2026-09-12T06:30:00Z,2026-10-07T07:28:56Z,panama,gdelt_doc,headline_metadata
art_05b7c76212770513,Tocumen prepara arbitraje contra Odebrecht por ruina en la Terminal 2,https://www.laestrella.com.pa/panama/nacional/tocumen-prepara-arbitraje-contra-odebrecht-por-ruinas-en-la-terminal-2-EA25618059,laestrella.com.pa,es,,2026-09-12T06:30:00Z,2026-10-07T07:28:56Z,panama,gdelt_doc,headline_metadata
art_43d18cc4d9e3ce03,Ante la tumba de Justo Arosemena,https://www.laestrella.com.pa/vida-y-cultura/ante-la-tumba-de-justo-arosemena-HA25615772,laestrella.com.pa,es,,2026-09-12T06:30:00Z,2026-10-07T07:28:56Z,panama,gdelt_doc,headline_metadata
art_5612cd123ec8957a,"Chichero , la apuesta de Panamá para los Óscar y los Goya",https://www.laestrella.com.pa/vida-y-cultura/cine/chichero-la-apuesta-de-panama-para-los-oscar-y-los-goya-EA25616983,laestrella.com.pa,es,,2026-09-12T06:30:00Z,2026-10-07T07:28:56Z,panama,gdelt_doc,headline_metadata
art_754d37d9d6bf983a,"ONG fantasma e instigación al vandalismo , los señalamientos sobre los policías encubiertos",https://www.laestrella.com.pa/panama/nacional/ong-fantasmas-e-instigacion-al-vandalismo-los-senalamientos-sobre-los-policias-encubiertos-BA25618081,laestrella.com.pa,es,,2026-09-12T06:30:00Z,2026-10-07T07:28:56Z,panama,gdelt_doc,headline_metadata
art_7ed2357ff474dc9f,"Ceremonia inaugural de los Juegos Odesur Santa Fe 2026 : día , hora , artistas invitados y dónde verla en vivo",https://www.elpais.com.uy/ovacion/multideportivo/ceremonia-inaugural-de-los-juegos-odesur-santa-fe-2026-dia-hora-artistas-invitados-y-donde-verla-en-vivo,elpais.com.uy,es,,2026-09-12T06:30:00Z,2026-10-07T07:28:56Z,panama,gdelt_doc,headline_metadata
art_a89e065bb64117fd,Vacaciones escolares : el descanso que protege la salud mental de los niños,https://www.laestrella.com.pa/vida-y-cultura/familia/vacaciones-escolares-el-descanso-que-protege-la-salud-mental-de-los-ninos-BA25618696,laestrella.com.pa,es,,2026-09-12T06:30:00Z,2026-10-07T07:28:56Z,panama,gdelt_doc,headline_metadata
art_ad4b03c12398ac0b,Acuerdo que prohíbe cobro de comisiones y recargos bancarios ya es oficial,https://www.laestrella.com.pa/economia/acuerdo-que-prohibe-cobro-de-comisiones-y-recargos-bancarios-ya-es-oficial-CA25617410,laestrella.com.pa,es,,2026-09-12T06:30:00Z,2026-10-07T07:28:56Z,panama,gdelt_doc,headline_metadata
art_c0743afad96f4e8b,Hospitales de Chiriquí son verificados luego de movimiento sísmico,https://www.critica.com.pa/nacional/hospitales-de-chiriqui-son-verificados-luego-de-movimiento-sismico-516254,critica.com.pa,es,,2026-09-12T06:30:00Z,2026-10-07T07:28:56Z,panama,gdelt_doc,headline_metadata
art_cb1f4b304eee426a,CAF coloca $500 millones en Panamá para impulsar el agro y las pymes,https://www.laestrella.com.pa/economia/caf-coloca-500-millones-en-panama-para-impulsar-el-agro-y-las-pymes-EA25617344,laestrella.com.pa,es,,2026-09-12T06:30:00Z,2026-10-07T07:28:56Z,panama,gdelt_doc,headline_metadata
art_ed9b3efccb924b6a,"ONG fantasma e instigación al vandalismo , los señalamientos sobre los policías encubiertos",https://www.laestrella.com.pa/panama/nacional/ong-fantasmas-e-instigacion-al-vandalismo-los-senalamientos-sobre-los-policias-encubiertos-HD25623051,laestrella.com.pa,es,,2026-09-12T06:30:00Z,2026-10-07T07:28:56Z,panama,gdelt_doc,headline_metadata
art_ee96c06c17fd07fa,Sismo de magnitud 5 . 4 sacude la frontera entre Panamá y Costa Rica,https://www.critica.com.pa/nacional/sismo-de-magnitud-54-sacude-la-frontera-entre-panama-y-costa-rica-516253,critica.com.pa,es,,2026-09-12T06:30:00Z,2026-10-07T07:28:56Z,panama,gdelt_doc,headline_metadata
art_2ac3689a7e62006d,Fortalece Mara Lezama alianza con Brasil para recuperar el turismo brasileño y ampliar conectividad aérea con Cancún,https://noticaribe.com.mx/2026/09/11/fortalece-mara-lezama-alianza-con-brasil-para-recuperar-el-turismo-brasileno-y-ampliar-conectividad-aerea-con-cancun/,noticaribe.com.mx,es,2026-09-11T00:00:00Z,2026-09-12T07:00:00Z,2026-10-07T07:28:56Z,panama,gdelt_doc,headline_metadata
art_f0ec6ff0f33a0c0e,Erasmo González Robledo rinde Segundo Informe de Gobierno,https://horacero.com.mx/tamaulipas/erasmo-gonzalez-robledo-rinde-segundo-informe,horacero.com.mx,es,,2026-09-12T07:15:00Z,2026-10-07T07:28:56Z,panama,gdelt_doc,headline_metadata
art_c258c142188e5f76,El país enfrentó un nuevo escenario tras la caída de Trujillo ( 1 ),https://www.elcaribe.com.do/gente/cultura/zona-retro/el-pais-enfrento-un-nuevo-escenario-tras-la-caida-de-trujillo-1/,elcaribe.com.do,es,,2026-09-12T08:00:00Z,2026-10-07T07:28:56Z,panama,gdelt_doc,headline_metadata
art_4930012d3911f469,Night City de Cyberpunk 2077 es clavado a los Estados Unidos : comprar arma cuesta menos o igual que el agua limpia,https://www.vidaextra.com/rpg/night-city-cyberpunk-2077-clavado-a-estados-unidos-comprar-arma-cuesta-igual-que-agua-limpia,vidaextra.com,es,,2026-09-12T08:15:00Z,2026-10-07T07:28:56Z,panama,gdelt_doc,headline_metadata
art_68f9cff986969915,¿ Cómo el complejo militar - industrial de EEUU engendró sistemáticamente el terrorismo después del 11 - S ?,https://www.hispantv.com/noticias/opinion/660273/farsa-guerra-contra-terrorismo-complejo-militar-industrial-eeuu-atentados-11-s,hispantv.com,es,,2026-09-12T08:15:00Z,2026-10-07T07:28:56Z,panama,gdelt_doc,headline_metadata
art_d446f2d659b74dfc,"La historia de Leixer de la Cruz , un hombre que lucha por una nueva vida en Cuba tras haber sido expulsado de EEUU",https://www.univision.com/noticias/america-latina/la-historia-de-leixer-de-la-cruz-un-hombre-que-lucha-por-una-nueva-vida-en-cuba-tras-haber-sido-expulsado-de-eeuu,univision.com,es,,2026-09-12T08:30:00Z,2026-10-07T07:28:56Z,panama,gdelt_doc,headline_metadata
art_f39f8bcfaa9b4c0d,Corte Suprema tramita tres demandas contra acuerdo que creó la policía municipal,https://www.prensa.com/judiciales/corte-suprema-tramita-tres-demandas-contra-acuerdo-que-creo-la-policia-municipal/,prensa.com,es,,2026-09-12T09:45:00Z,2026-10-07T07:28:56Z,panama,gdelt_doc,headline_metadata
art_3f779ba58e8aa14d,Marruecos y la Rusia de Putin : relaciones cada vez más estrechas,https://www.farodevigo.es/mundo/2026/09/12/marruecos-rusia-putin-relaciones-mas-intensas-crisis-ceuta-134212186.html,farodevigo.es,es,2026-09-12T00:00:00Z,2026-09-12T11:00:00Z,2026-10-07T07:28:56Z,panama,gdelt_doc,headline_metadata
art_2e0c287fbe399d94,"Diésel : Perú tiene el combustible más caro en la región , los factores que nos colocan en la cima de la lista | ECONOMIA",https://gestion.pe/economia/diesel-peru-tiene-el-combustible-mas-caro-en-la-region-los-factores-que-nos-colocan-en-la-cima-de-la-lista-noticia/,gestion.pe,es,,2026-09-12T11:15:00Z,2026-10-07T07:28:56Z,panama,gdelt_doc,headline_metadata
art_d5a0ac7bb28f9b02,"La guía definitiva de los Juegos Suramericanos que arrancan hoy , para no perderte ningún detalle",http://www.lanueva.com/nota/2026-9-12-5-0-28-la-guia-definitiva-de-los-juegos-suramericanos-para-no-perderte-ningun-detalle,lanueva.com,es,,2026-09-12T11:15:00Z,2026-10-07T07:28:56Z,panama,gdelt_doc,headline_metadata
art_af693b99363438a0,"Benedicto XVI y Regensburg , « aún no vemos correcciones », Burke y las cosas diabólicas , la geometría variable , el cura del flotador , Gallese destituido , conferencia LGBT , el diálogo con Emma Bonino , León XIII y el colapso , contra el extracti...",https://infovaticana.com/blogs/specola/benedicto-xvi-y-regensburg-aun-no-vemos-correcciones-burke-y-las-cosas-diabolicas-la-geometria-variable-el-cura-del-flotador-gallese-destituido-conferencia-lgbt-el-dialogo-con-emma-bonino/,infovaticana.com,es,,2026-09-12T11:30:00Z,2026-10-07T07:28:56Z,panama,gdelt_doc,headline_metadata
art_975e7b3050a8abfd,Delfín de Vladimir Cerrón aspira al GORE Junín | POLITICA,https://diariocorreo.pe/politica/delfin-de-vladimir-cerron-aspira-al-gore-junin-noticia/,diariocorreo.pe,es,,2026-09-12T11:45:00Z,2026-10-07T07:28:56Z,panama,gdelt_doc,headline_metadata
art_fd4f6d067dac5a55,"Quién es la ingeniera Ilya Espino de Marotta , la primera mujer en dirigir el Canal de Panamá ( y por qué suele usar un casco rosa )",https://www.mdzol.com/mundo/quien-es-la-ingeniera-ilya-espino-marotta-la-primera-mujer-dirigir-el-canal-panama-y-que-suele-usar-un-casco-rosa-n1604606,mdzol.com,es,,2026-09-12T11:45:00Z,2026-10-07T07:28:56Z,panama,gdelt_doc,headline_metadata
art_be83cccfa8e2f4b1,Firma de insumos médicos suma laboratorio y agrega personal clave,http://puntobiz.com.ar/economia/firma-de-insumos-medicos-suma-laboratorio-y-agrega-personal-clave--2026912600,puntobiz.com.ar,es,,2026-09-12T12:00:00Z,2026-10-07T07:28:56Z,panama,gdelt_doc,headline_metadata
art_277777ec636cae6e,INVITAN AL DESFILE CIVICO - MILITAR DL 16 DE SEPTIEMBRE,https://www.calibre800.com/2026/09/12/invitan-al-desfile-civico-militar-dl-16-de-septiembre/,calibre800.com,es,2026-09-12T00:00:00Z,2026-09-12T12:45:00Z,2026-10-07T07:28:56Z,panama,gdelt_doc,headline_metadata
art_259610eb8b0c7629,José Elías ( Audax y La Sirena ) ve cómo se hunde un 82 % el beneficio de su holding,https://www.economiadigital.es/empresas/jose-elias-audax-sirena-ve-hunde-82-beneficio-holding.html,economiadigital.es,es,,2026-09-12T13:00:00Z,2026-10-07T07:28:56Z,panama,gdelt_doc,headline_metadata
art_0a46c657d2a4fb78,Perú entra al Escudo de las Américas : su impacto contra el crimen en la región y la cautela de Chile | Internacional,https://www.biobiochile.cl/noticias/internacional/america-latina/2026/09/12/peru-entra-al-escudo-de-las-americas-su-impacto-contra-el-crimen-en-la-region-y-la-cautela-de-chile.shtml,biobiochile.cl,es,2026-09-12T00:00:00Z,2026-09-12T13:15:00Z,2026-10-07T07:28:56Z,panama,gdelt_doc,headline_metadata
art_255f7da7e5c558c3,Exiliados piden a EE . UU . intervención militar en Nicaragua,https://www.elinformador.com.co/index.php/general/163-internacional/358614-exiliados-piden-a-ee-uu-intervencion-militar-en-nicaragua,elinformador.com.co,es,,2026-09-12T13:15:00Z,2026-10-07T07:28:56Z,panama,gdelt_doc,headline_metadata
art_454b41e8a6fb9413,Alistan mil 200 personas participación en desfile patrio,https://diario.mx/juarez/2026/sep/11/alistan-mil-200-personas-participacion-en-desfile-patrio-1137932.html,diario.mx,es,,2026-09-12T13:15:00Z,2026-10-07T07:28:56Z,panama,gdelt_doc,headline_metadata
art_6a63fcdc9d7561cb,El dilema de Malaca : el temor que aceleró la revolución energética de China | Internacional,https://www.biobiochile.cl/noticias/internacional/asia/2026/09/12/el-dilema-de-malaca-el-temor-que-acelero-la-revolucion-energetica-de-china.shtml,biobiochile.cl,es,2026-09-12T00:00:00Z,2026-09-12T13:15:00Z,2026-10-07T07:28:56Z,panama,gdelt_doc,headline_metadata
art_9b680c0bee358231,Alza de combustibles aprieta al Gobierno : analistas advierten poco margen fiscal para contener el impacto,https://lahora.gt/lh-economia/esmith/2026/09/12/crisis-por-alza-de-combustibles-analistas-coinciden-en-que-el-margen-fiscal-es-estrecho-y-sugieren-medidas-focalizadas-y-sostenibles-now/,lahora.gt,es,2026-09-12T00:00:00Z,2026-09-12T13:30:00Z,2026-10-07T07:28:56Z,panama,gdelt_doc,headline_metadata
art_31febfb428f41877,"Brache , Tolentino y Josefa , oro en Panam junior de judo ; RD logra segundo lugar",https://www.eljaya.com/269964/brache-tolentino-y-josefa-oro-en-panam-junior-de-judo-rd-logra-segundo-lugar/,eljaya.com,es,,2026-09-12T14:00:00Z,2026-10-07T07:28:56Z,panama,gdelt_doc,headline_metadata
art_165d3ccd1177c627,Previsiones principales de semana del 13 al 19 de septiembre de 2026,https://www.prensa-latina.cu/2026/09/12/previsiones-principales-de-semana-del-13-al-19-de-septiembre-de-2026/,prensa-latina.cu,es,2026-09-12T00:00:00Z,2026-09-12T14:15:00Z,2026-10-07T07:28:56Z,panama,gdelt_doc,headline_metadata
art_02c4f4997857f36b,"El Niño amenaza con encarecer alimentos , energía y logística en Centroamérica y República Dominicana durante 2027",https://www.infobae.com/el-salvador/2026/09/12/el-nino-amenaza-con-encarecer-alimentos-energia-y-logistica-en-centroamerica-y-republica-dominicana-durante-2027/,infobae.com,es,2026-09-12T00:00:00Z,2026-09-12T14:30:00Z,2026-10-07T07:28:56Z,panama,gdelt_doc,headline_metadata
art_9f43ffe73d0e7927,Noemí García es coronada Miss Colegial 2026 - 2027 en Guayaquil,https://www.eluniverso.com/larevista/sociedad/noemi-garcia-es-coronada-miss-colegial-2026-2027-en-guayaquil-nota/,eluniverso.com,es,,2026-09-12T14:30:00Z,2026-10-07T07:28:56Z,panama,gdelt_doc,headline_metadata
art_00cb357af99595d0,Consejo de Meta alerta por riesgos de sustituir verificadores por Notas de la comunidad en América Latina,https://www.eleconomista.com.mx/tecnologia/consejo-meta-alerta-riesgos-sustituir-verificadores-notas-comunidad-america-latina-20260912-833204.html,eleconomista.com.mx,es,2026-09-12T00:00:00Z,2026-09-12T15:00:00Z,2026-10-07T07:28:56Z,panama,gdelt_doc,headline_metadata
art_a74ec7614bb40d20,"Me iban a ejecutar y él me salvó la vida : Jorge Silva , el capitán de la Fuerza Aérea de Chile que desafió las órdenes de los golpistas y terminó torturado",https://acento.com.do/bbc-news-mundo/me-iban-a-ejecutar-y-el-me-salvo-la-vida-jorge-silva-el-capitan-de-la-fuerza-aerea-de-chile-que-desafio-las-ordenes-de-los-golpistas-y-termino-torturado-9752033.html,acento.com.do,es,,2026-09-12T15:30:00Z,2026-10-07T07:28:56Z,panama,gdelt_doc,headline_metadata
art_17219c1c06d4e6ef,Arcos Dorados : transparencia y calidad avaladas por sus consumidores,https://www.revistaeyn.com/especiales/reputacion-ca/lideres/arcos-dorados-transparencia-y-calidad-avaladas-por-sus-consumidores-DJ31920223,revistaeyn.com,es,,2026-09-12T16:00:00Z,2026-10-07T07:28:56Z,panama,gdelt_doc,headline_metadata
art_4679c2d38c7201bc,Ministro de Comercio de Francia visitará el Canal de Panamá para explorar negocios,https://www.revistaeyn.com/centroamericaymundo/ministro-de-comercio-de-francia-visitara-el-canal-de-panama-para-explorar-negocios-HB32009583,revistaeyn.com,es,,2026-09-12T16:00:00Z,2026-10-07T07:28:56Z,panama,gdelt_doc,headline_metadata
art_6df3708adfcb0ff8,Lara conforma Comité Simón Bolívar rumbo al Bicentenario de Panamá,https://ultimasnoticias.com.ve/lara/lara-conforma-comite-simon-bolivar-rumbo-al-bicentenario-de-panama/,ultimasnoticias.com.ve,es,,2026-09-12T16:15:00Z,2026-10-07T07:28:56Z,panama,gdelt_doc,headline_metadata
art_7de31f1031363e7a,"Rosario después de los Juegos : obras , nuevos deportes y el desafío de que el legado perdure",https://www.rosario3.com/informaciongeneral/rosario-despues-de-los-juegos-obras-nuevos-deportes-y-el-desafio-de-que-el-legado-perdure-20260911-0042.html,rosario3.com,es,2026-09-11T00:00:00Z,2026-09-12T16:15:00Z,2026-10-07T07:28:56Z,panama,gdelt_doc,headline_metadata
art_8664d42277c26319,"Diario de viaje , día - 1 : la acreditación , Messi , Maradona y una enorme expectativa",http://www.lanueva.com/nota/2026-9-11-13-23-0-diario-de-viaje-dia-1-la-acreditacion-messi-maradona-y-una-enorme-expectativa,lanueva.com,es,,2026-09-12T16:15:00Z,2026-10-07T07:28:56Z,panama,gdelt_doc,headline_metadata
art_9322a5668f0847c8,Día del Maestro : la efeméride que rinde homenaje a Sarmiento,https://www.puntal.com.ar/sarmiento/dia-del-maestro-la-efemeride-que-rinde-homenaje-sarmiento-n264663,puntal.com.ar,es,,2026-09-12T16:15:00Z,2026-10-07T07:28:56Z,panama,gdelt_doc,headline_metadata
art_32cdfa549ace024d,"Booking , Expedia y Agoda : así puede recuperar el 13 % de IVA si viaja fuera de Costa Rica",https://www.elfinancierocr.com/turismo/booking-expedia-y-agoda-asi-puede-recuperar-el-13/3KADR3MUXNBSJJCVHDDRDG6KP4/story/,elfinancierocr.com,es,,2026-09-12T17:00:00Z,2026-10-07T07:28:56Z,panama,gdelt_doc,headline_metadata
art_b24883aaa3b9b850,¿ Sin planes de vacaciones para fin de año ? Estos son algunos de los precios de los boletos para volar fuera de Costa Rica,https://www.elfinancierocr.com/turismo/sin-planes-de-vacaciones-para-fin-de-ano-estos-son/MHUYVRFPKBGUTM5QQTPGP4JW4Y/story/,elfinancierocr.com,es,,2026-09-12T17:00:00Z,2026-10-07T07:28:56Z,panama,gdelt_doc,headline_metadata
art_cdc6dae283115831,IFARHU : calendario de entrega de tarjetas del PASE - U del 14 al 19 de septiembre,https://www.telemetro.com/nacionales/ifarhu-calendario-entrega-tarjetas-del-pase-u-del-14-al-19-septiembre-n6091562,telemetro.com,es,,2026-09-12T17:00:00Z,2026-10-07T07:28:56Z,panama,gdelt_doc,headline_metadata
art_cebebc1018db99d4,1973 - teleSUR,https://www.telesurtv.net/opinion/1973/,telesurtv.net,es,,2026-09-12T17:00:00Z,2026-10-07T07:28:56Z,panama,gdelt_doc,headline_metadata
art_64694f31a36ebbf5,Los 33 se fueron a Argentina y dejaron al rock panameño grabado en estudios históricos,https://www.midiario.com/farandula/los-33-se-fueron-a-argentina-y-dejaron-al-rock-panameno-grabado-en-estudios-historicos/,midiario.com,es,,2026-09-12T17:15:00Z,2026-10-07T07:28:56Z,panama,gdelt_doc,headline_metadata
art_7b92112a3107fb71,Camilo Pérez recibe la Orden al Mérito Deportivo Suramericano por su legado al frente de ODESUR,https://www.adndigital.com.py/camilo-perez-recibe-la-orden-al-merito-deportivo-suramericano-por-su-legado-al-frente-de-odesur/,adndigital.com.py,es,,2026-09-12T17:15:00Z,2026-10-07T07:28:56Z,panama,gdelt_doc,headline_metadata
art_9cdc63ab370ffad3,Sigue la tiradera por quién es el FEO de Panamá : La Peke le responde a Yemil tras decirle que además era un limpio,https://www.midiario.com/farandula/sigue-la-tiradera-por-quien-es-el-feo-de-panama-la-peke-le-responde-a-yemil-tras-decirle-que-ademas-era-un-limpio/,midiario.com,es,,2026-09-12T17:15:00Z,2026-10-07T07:28:56Z,panama,gdelt_doc,headline_metadata
art_b32d5023ac75244a,"¡ Jefa , jefa , jefa !: quién es Ilya Espino de Marotta , la ingeniera de casco rosa que al frente del Canal de Panamá supervisa parte del comercio mundial",https://www.prensalibre.com/internacional/bbc-news-mundo-internacional/jefa-jefa-jefa-quien-es-ilya-espino-de-marotta-la-ingeniera-de-casco-rosa-que-al-frente-del-canal-de-panama-supervisa-parte-del-comercio-mundial/,prensalibre.com,es,,2026-09-12T17:15:00Z,2026-10-07T07:28:56Z,panama,gdelt_doc,headline_metadata
art_be7a37db1bc8e1f8,"¡ Panamá Norte , llegó su turno ! IFARHU anuncia cuándo y dónde podrá retirar la tarjeta del PASE - U esta semana",https://www.midiario.com/nacionales/panama-norte-llego-tu-turno-ifarhu-anuncia-cuando-y-donde-podra-retirar-la-tarjeta-del-pase-u-esta-semana/,midiario.com,es,,2026-09-12T17:15:00Z,2026-10-07T07:28:56Z,panama,gdelt_doc,headline_metadata
art_bfa7ede8454ae006,Avanzan gestiones para llevar electricidad a la comunidad de Quebraón,https://www.diaadia.com.pa/el-pais/avanzan-gestiones-para-llevar-electricidad-la-comunidad-de-quebraon-791562,diaadia.com.pa,es,,2026-09-12T18:00:00Z,2026-10-07T07:28:56Z,panama,gdelt_doc,headline_metadata
art_4da05cf6a2c17e8f,Urgente . Vicepresidenta declara la Alerta Roja en la Región Trifinio ante sequía severa,https://dca.gob.gt/noticias-guatemala-diario-centro-america/urgente-vicepresidenta-declara-la-alerta-roja-en-la-region-trifinio-ante-sequia-severa/,dca.gob.gt,es,,2026-09-12T18:30:00Z,2026-10-07T07:28:56Z,panama,gdelt_doc,headline_metadata
art_0c814f9bb4d2ec65,"A qué hora juega Manchester United vs Manchester City , canal de trasnsmisión EN VIVO y dónde ver partido de Premier League",https://libero.pe:443/futbol-internacional/2026/09/12/hora-juega-manchester-united-vs-manchester-city-canal-de-trasnsmision-en-vivo-donde-ver-partido-de-premier-league-483996,libero.pe,es,2026-09-12T00:00:00Z,2026-09-12T18:45:00Z,2026-10-07T07:28:56Z,panama,gdelt_doc,headline_metadata
art_22423cae2a0b23d4,Nicaragua : Exiliados nicaragüenses piden a EE UU una intervención militar,https://www.14ymedio.com/internacional/exiliados-nicaragueenses-piden-ee-uu_1_1130669.html,14ymedio.com,es,,2026-09-12T18:45:00Z,2026-10-07T07:28:56Z,panama,gdelt_doc,headline_metadata
art_5dc86082d7daebca,Centroamérica completa su cuadro : estas son las reinas rumbo a Puerto Rico 2026,https://www.elheraldo.hn/fotogalerias/entretenimiento/las-siete-coronas-de-centroamerica-asi-son-las-reinas-que-van-por-miss-universo-2026-LA32014087,elheraldo.hn,es,,2026-09-12T18:45:00Z,2026-10-07T07:28:56Z,panama,gdelt_doc,headline_metadata
art_d56b75e9ff63ab25,Let meet panamá cierra su cuarta edición con nuevos eventos internacionales y alianzas para el país • PDCC,https://newsinamerica.com/pdcc/turismo/2026/lets-meet-panama-cierra-su-cuarta-edicion-con-nuevos-eventos-internacionales-y-alianzas-para-el-pais/,newsinamerica.com,es,,2026-09-12T18:45:00Z,2026-10-07T07:28:56Z,panama,gdelt_doc,headline_metadata
art_40144019ebde12b4,La película CHICHERO representará a Panamá en los Goya 2027 y buscará una nominación al Óscar,https://www.telemetro.com/entretenimiento/la-pelicula-chichero-representara-panama-los-goya-2027-y-buscara-una-nominacion-al-oscar-n6091573,telemetro.com,es,,2026-09-12T19:15:00Z,2026-10-07T07:28:56Z,panama,gdelt_doc,headline_metadata
art_9c9f6252f64297be,Diario HOY | Camión de cervezas chocó en una rotonda y el chofer murió,https://www.hoy.com.py/nacionales/2026/09/12/camion-de-cervezas-choco-en-una-rotonda-y-el-chofer-murio,hoy.com.py,es,2026-09-12T00:00:00Z,2026-09-12T19:30:00Z,2026-10-07T07:28:56Z,panama,gdelt_doc,headline_metadata
art_a44a6034576f44a1,"Diario HOY | IPS iniciará obras de calle interna el lunes , cerrarán paso vehicular",https://www.hoy.com.py/nacionales/2026/09/12/ips-iniciara-obras-de-calle-interna-el-lunes-cerraran-paso-vehicular,hoy.com.py,es,2026-09-12T00:00:00Z,2026-09-12T19:30:00Z,2026-10-07T07:28:56Z,panama,gdelt_doc,headline_metadata
art_d51ec1a58c66e09a,"Diario HOY | Camilo Pérez , nombrado Presidente Honorario y condecorado por su legado en ODESUR",https://www.hoy.com.py/nacionales/2026/09/12/camilo-perez-nombrado-presidente-honorario-y-condecorado-por-su-legado-en-odesur,hoy.com.py,es,2026-09-12T00:00:00Z,2026-09-12T19:30:00Z,2026-10-07T07:28:56Z,panama,gdelt_doc,headline_metadata
art_f3df3d2d9573abc5,Navidad 2026 de la Alcaldía de Panamá superaría los $3 . 8 millones en contratos,https://www.prensa.com/politica/navidad-2026-de-la-alcaldia-de-panama-superaria-los-38-millones-en-contratos/,prensa.com,es,,2026-09-12T19:30:00Z,2026-10-07T07:28:56Z,panama,gdelt_doc,headline_metadata
art_74a3d2c710316b03,Hospital San Vicente responde por caso de gestante remitida desde Panamá de Arauca,https://llanera.com/hospital-san-vicente-responde-por-caso-de-gestante-remitida-desde-panama-de-arauca/27413,llanera.com,es,,2026-09-12T19:45:00Z,2026-10-07T07:28:56Z,panama,gdelt_doc,headline_metadata
art_2c0dd07dd6e017a9,¡ Cuidado !: El trend viral de los 80 con IA también puede exponer sus datos personales,https://www.panamaamerica.com.pa/tecnologia/cuidado-el-trend-viral-de-los-80s-con-ia-tambien-puede-exponer-sus-datos-personales,panamaamerica.com.pa,es,,2026-09-12T20:00:00Z,2026-10-07T07:28:56Z,panama,gdelt_doc,headline_metadata
art_833519b23a183210,"D - Max , el prófugo colombiano que estuvo encarcelado en Panamá bajo un nombre falso",https://www.panamaamerica.com.pa/sociedad/d-max-el-profugo-colombiano-que-estuvo-encarcelado-en-panama-bajo-un-nombre-falso-1266263,panamaamerica.com.pa,es,,2026-09-12T20:00:00Z,2026-10-07T07:28:56Z,panama,gdelt_doc,headline_metadata
art_9522e1d78c209bf7,Chapman : Sector privado es el principal motor del crecimiento económico,https://www.panamaamerica.com.pa/economia/chapman-sector-privado-es-el-principal-motor-del-crecimiento-economico-1266265,panamaamerica.com.pa,es,,2026-09-12T20:00:00Z,2026-10-07T07:28:56Z,panama,gdelt_doc,headline_metadata
art_095bf9284e3ad4f3,Rosh Hashaná 2026 : ¿ quiénes tendrán libre este sábado 12 de septiembre en Panamá por el Año Nuevo judío ?,https://www.telemetro.com/nacionales/rosh-hashana-2026-quienes-tendran-libre-este-sabado-12-septiembre-panama-el-ano-nuevo-judio-n6091516,telemetro.com,es,,2026-09-12T20:15:00Z,2026-10-07T07:28:56Z,panama,gdelt_doc,headline_metadata
art_1f15305b813930ec,"¡ Jefa , jefa , jefa !: quién es Ilya Espino de Marotta , la ingeniera de casco rosa que al frente del Canal de Panamá supervisa parte del comercio mundial",https://www.prensalibre.com/internacional/bbc-news-mundo-internacional/jefa-jefa-jefa-quien-es-ilya-espino-de-marotta-la-ingeniera-de-casco-rosa-que-al-frente-del-canal-de-panama-supervisa-parte-del-comercio-mundial-3/,prensalibre.com,es,,2026-09-12T20:15:00Z,2026-10-07T07:28:56Z,panama,gdelt_doc,headline_metadata
art_4d6dbb48f44cba3a,"¡ Jefa , jefa , jefa !: quién es Ilya Espino de Marotta , la ingeniera de casco rosa que al frente del Canal de Panamá supervisa parte del comercio mundial",https://www.prensalibre.com/internacional/bbc-news-mundo-internacional/jefa-jefa-jefa-quien-es-ilya-espino-de-marotta-la-ingeniera-de-casco-rosa-que-al-frente-del-canal-de-panama-supervisa-parte-del-comercio-mundial-2/,prensalibre.com,es,,2026-09-12T20:15:00Z,2026-10-07T07:28:56Z,panama,gdelt_doc,headline_metadata
art_8270be132d56c220,Santa Fe abre los Juegos Suramericanos 2026 con 60 disciplinas y 15 países,https://www.lacapitalmdp.com/santa-fe-abre-los-juegos-suramericanos-2026-con-60-disciplinas-y-15-paises/,lacapitalmdp.com,es,,2026-09-12T20:15:00Z,2026-10-07T07:28:56Z,panama,gdelt_doc,headline_metadata
art_d1229600e7830775,Las estrellas que iluminarán los Juegos Suramericanos de Santa Fe,https://efe.com/deportes/2026-09-12/estrellas-deportistas-juegos-suramericanos-2026/,efe.com,es,2026-09-12T00:00:00Z,2026-09-12T20:15:00Z,2026-10-07T07:28:56Z,panama,gdelt_doc,headline_metadata
art_d865f6d59b86b3c1,Tigres y Toluca presumen ataque de Copa del Mundo 2026 en Liga MX,https://www.futboltotal.com.mx/futbol-mexicano/liga-mx/tigres-toluca-ataque-copa-del-mundo-2026-liga-mx/2026/09/,futboltotal.com.mx,es,,2026-09-12T20:15:00Z,2026-10-07T07:28:56Z,panama,gdelt_doc,headline_metadata
art_2c85142c1b6f71de,Ian Lucas habló sobre la supuesta interna con Vero Lozano por la conducción de MasterChef Junior y fue contundente,https://www.clarin.com/fama/ian-lucas-hablo-supuesta-interna-vero-lozano-conduccion-masterchef-junior-contundente_0_AwiNkeLe0F.html,clarin.com,es,,2026-09-12T20:30:00Z,2026-10-07T07:28:56Z,panama,gdelt_doc,headline_metadata
art_2ef52e557366aefb,"Aún no comenzó la edición 2026 , pero ya hay indicios de la sede de los Juegos Suramericanos 2030",http://www.lanueva.com/nota/2026-9-12-14-6-0-aun-no-comenzo-la-edicion-2026-pero-ya-hay-indicios-de-la-sede-de-los-juegos-suramericanos-2030,lanueva.com,es,,2026-09-12T20:30:00Z,2026-10-07T07:28:56Z,panama,gdelt_doc,headline_metadata
art_ced9ddf26c53b471,Las declaraciones de Ian Lucas tras la polémica con Vero Lozano por MasterChef Junior,https://www.contextotucuman.com/nota/417339/las-declaraciones-de-ian-lucas-tras-la-polemica-con-vero-lozano-por-masterchef-junior.html,contextotucuman.com,es,,2026-09-12T20:30:00Z,2026-10-07T07:28:56Z,panama,gdelt_doc,headline_metadata
art_7786998e478a59e2,66 - 76 : Una España para enmarcar se queda sin final del Mundial,https://www.mundodeportivo.com/baloncesto/basket-feb/20260912/1004226434/espana-estados-unidos-mundial-baloncesto-berlin-iyana-martin-awa-francia-alemania.html,mundodeportivo.com,es,2026-09-12T00:00:00Z,2026-09-12T21:00:00Z,2026-10-07T07:28:56Z,panama,gdelt_doc,headline_metadata
art_8726211122ac326a,Los tres bienes embargados a Óscar Iván Zuluaga por el caso Odebrecht,https://www.portafolio.co/economia/gobierno/estos-son-los-tres-bienes-embargados-a-oscar-ivan-zuluaga-por-el-caso-odebrecht-502369,portafolio.co,es,,2026-09-12T21:00:00Z,2026-10-07T07:28:56Z,panama,gdelt_doc,headline_metadata
art_4abe57c8bb503339,Saneamiento de Panamá ya no abrirá más pozos para proyecto del Matasnillo ; este mes comienzan a cerrar pozos,https://www.panamaamerica.com.pa/sociedad/saneamiento-de-panama-ya-no-abrira-mas-pozos-para-proyecto-del-matasnillo-este-mes,panamaamerica.com.pa,es,,2026-09-12T21:45:00Z,2026-10-07T07:28:56Z,panama,gdelt_doc,headline_metadata
art_3e4888eadd82c5f5,CRUELDAD EN ARRAIJÁN : Encuentran a una mujer sin vida ; estaba en ropa interior y el caso podría tratarse del homicidio 31 en Panamá Oeste,https://www.midiario.com/policiales/crueldad-en-arraijan-encuentran-a-una-mujer-sin-vida-estaba-en-ropa-interior-y-el-caso-podria-ser-el-homicidio-31-en-panama-oeste/,midiario.com,es,,2026-09-12T22:00:00Z,2026-10-07T07:28:56Z,panama,gdelt_doc,headline_metadata
art_749a4ef5b5d4bd0b,Cantante Boza se presentará en Costa Rica : conozca aquí todos los detalles de su concierto,https://www.nacion.com/spotlight/cantante-boza-se-presentara-en-costa-rica-conozca/QN2KES2ISBAH7K2SKJ7NVPXN3E/story/,nacion.com,es,,2026-09-12T22:00:00Z,2026-10-07T07:28:56Z,panama,gdelt_doc,headline_metadata
art_d06b613096078ef0,¡ La mola cruza fronteras ! Destacan la cultura Guna en aeropuerto de Bogotá,https://www.midiario.com/nacionales/la-mola-cruza-fronteras-destacan-la-cultura-guna-en-aeropuerto-de-bogota/,midiario.com,es,,2026-09-12T22:00:00Z,2026-10-07T07:28:56Z,panama,gdelt_doc,headline_metadata
art_dd96fec87522ef17,Karatecas del Municipio de Belén Consiguen Medallas en la Copa América,https://www.diariodelsur.com.co/karatecas-del-municipio-de-belen-medallas-copa-america-panama/,diariodelsur.com.co,es,,2026-09-12T22:00:00Z,2026-10-07T07:28:56Z,panama,gdelt_doc,headline_metadata
art_ecc729015e6199b9,"Atrapan a Guillermo Quintero , uno de los más buscados por homicidio en San Miguelito",https://www.midiario.com/policiales/atrapan-a-guillermo-quintero-uno-de-los-mas-buscados-por-homicidio-en-san-miguelito/,midiario.com,es,,2026-09-12T22:00:00Z,2026-10-07T07:28:56Z,panama,gdelt_doc,headline_metadata
art_955a8eb00bf8c877,Juegos Suramericanos : comenzó la ceremonia de apertura,https://www.lacapital.com.ar/juegos-suramericanos/juegos-suramericanos-comenzo-la-ceremonia-apertura-n10280699.html,lacapital.com.ar,es,,2026-09-12T23:30:00Z,2026-10-07T07:28:56Z,panama,gdelt_doc,headline_metadata
art_3561a78427f2b020,.: El Sol de Margarita :.,https://elsoldemargarita.com.ve/posts/post/id:258785/Bravos-estructura-su-primera-avanzada-de--importados,elsoldemargarita.com.ve,es,,2026-09-13T00:30:00Z,2026-10-07T07:28:56Z,panama,gdelt_doc,headline_metadata
art_43e66364d51e6dc9,MiAmbiente hace llamado de atención a pescadores de Coquira que alimentan a los cocodrilos,https://www.panamaamerica.com.pa/aldea-global/miambiente-hace-llamado-de-atencion-pescadores-de-coquira-que-alimentan-los-cocodrilos,panamaamerica.com.pa,es,,2026-09-13T00:30:00Z,2026-10-07T07:28:56Z,panama,gdelt_doc,headline_metadata
art_bf67aabe60f9386b,Claves para Colombia reconquistar y atraer a la inversión extranjera al país : estos son los retos que le esperan al gobierno De la Espriella,https://www.eltiempo.com/economia/sectores/claves-para-colombia-reconquistar-y-atraer-a-la-inversion-extranjera-al-pais-estos-son-los-retos-que-le-esperan-al-gobierno-de-la-espriella-3585500,eltiempo.com,es,,2026-09-13T00:30:00Z,2026-10-07T07:28:56Z,panama,gdelt_doc,headline_metadata
art_00e622cf8dd14863,Los diputados Camacho y Duke chocan por el proceso de aprobación del presupuesto 2027,https://www.laestrella.com.pa/panama/nacional/los-diputados-camacho-y-duke-chocan-por-el-proceso-de-aprobacion-del-presupuesto-2027-FF25640544,laestrella.com.pa,es,,2026-09-13T01:00:00Z,2026-10-07T07:28:56Z,panama,gdelt_doc,headline_metadata
art_0f0acc5cd80cd489,Inicio | Periódico CiudadCCS,http://www.ciudadccs.info/publicacion/50177-venezuela-asume-vicepresidencia-de-historiadores-del-caribe,ciudadccs.info,es,,2026-09-13T01:00:00Z,2026-10-07T07:28:56Z,panama,gdelt_doc,headline_metadata
art_115a652bef45ca01,Lo que pasó este sábado 12 de septiembre : las noticias que marcaron la jornada,https://www.laestrella.com.pa/panama/nacional/lo-que-paso-este-sabado-12-de-septiembre-las-noticias-que-marcaron-la-jornada-CF25641399,laestrella.com.pa,es,,2026-09-13T01:00:00Z,2026-10-07T07:28:56Z,panama,gdelt_doc,headline_metadata
art_139787bb6787c7ab,Senan refuerza operativos en las costas de Veraguas tras enfrentamiento entre pescadores,https://www.laestrella.com.pa/panama/nacional/senan-refuerza-operativos-en-las-costas-de-veraguas-tras-enfrentamiento-entre-pescadores-DC25636577,laestrella.com.pa,es,,2026-09-13T01:00:00Z,2026-10-07T07:28:56Z,panama,gdelt_doc,headline_metadata
art_2fb7d5d207309486,¡ No existe doble cobro ! Sonda aclara dudas sobre el nuevo sistema del Metro y Metrobús,https://www.telemetro.com/nacionales/no-existe-doble-cobro-sonda-aclara-dudas-el-nuevo-sistema-del-metro-y-metrobus-n6091609,telemetro.com,es,,2026-09-13T01:00:00Z,2026-10-07T07:28:56Z,panama,gdelt_doc,headline_metadata
art_ba65d5ea1524edf9,Mundial de baloncesto : EE . UU . vence a España y jugará la final,https://www.diariolibre.com/deportes/baloncesto/2026/09/12/mundial-de-baloncesto-ee-uu-vence-a-espana-y-jugara-la-final/3657195,diariolibre.com,es,2026-09-12T00:00:00Z,2026-09-13T01:00:00Z,2026-10-07T07:28:56Z,panama,gdelt_doc,headline_metadata
art_9b7d7f582a165bff,Empresa de RD ejecutará obras civiles nuevo teleférico Panamá,https://almomento.net/empresa-de-rd-ejecutara-obras-civiles-nuevo-teleferico-panama/,almomento.net,es,,2026-09-13T01:15:00Z,2026-10-07T07:28:56Z,panama,gdelt_doc,headline_metadata
art_14a79197a446c085,"Desde Nueva York , que desbanca a San Francisco como verdadera capital de Silicon Valley , hasta el Canal de Panamá que se suma al Estrecho de Ormuz para liar la economía mundial",https://www.elmundo.es/economia/macroeconomia/2026/09/13/6aa4190121efa0632e8b45a3.html,elmundo.es,es,2026-09-13T00:00:00Z,2026-09-13T02:15:00Z,2026-10-07T07:28:56Z,panama,gdelt_doc,headline_metadata
art_de6b41f2587dbe81,Inicio | Periódico CiudadCCS,http://www.ciudadccs.info/publicacion/50179-venezuela-izo-su-tricolor-en-rosario-para-los-suramericanos-2026,ciudadccs.info,es,,2026-09-13T02:15:00Z,2026-10-07T07:28:56Z,panama,gdelt_doc,headline_metadata
art_097b0bd5bda3b22f,VÍDEO | No pasó el filtro : Detectan a peruano requerido por delitos sexuales,https://www.midiario.com/policiales/no-paso-el-filtro-detectan-a-peruano-requerido-por-delitos-sexuales/,midiario.com,es,,2026-09-13T02:45:00Z,2026-10-07T07:28:56Z,panama,gdelt_doc,headline_metadata
art_11a89229db0c9b27,Navidad 2026 de la Alcaldía de Panamá superaría los $3 . 8 millones en contratos,https://www.midiario.com/nacionales/navidad-2026-de-la-alcaldia-de-panama-superaria-los-38-millones-en-contratos/,midiario.com,es,,2026-09-13T02:45:00Z,2026-10-07T07:28:56Z,panama,gdelt_doc,headline_metadata
art_249f283f10e974b5,¡ Abraham tiene nueva novia ! Le preparó una romántica propuesta a la cubana Flavia Cordo con rosas y globos,https://www.midiario.com/farandula/abraham-tiene-nueva-novia-le-preparo-una-romantica-propuesta-a-la-cubana-flavia-cordo-con-rosas-y-globos/,midiario.com,es,,2026-09-13T02:45:00Z,2026-10-07T07:28:56Z,panama,gdelt_doc,headline_metadata
art_2c15ac2fa47086d5,El BRICS promete al Sur Global salir de la última fila,https://www.telesurtv.net/brics-china-sur-global-salir-ultima-fila/,telesurtv.net,es,,2026-09-13T02:45:00Z,2026-10-07T07:28:56Z,panama,gdelt_doc,headline_metadata
art_8fc1665362cce17c,¡ VUELTA AL MARCADOR ! Panamá Oeste supera a Los Santos y se corona campeón en el U10,https://www.midiario.com/deportivas/vuelta-al-marcador-panama-oeste-supera-a-los-santos-y-se-corona-campeon-en-el-u10/,midiario.com,es,,2026-09-13T02:45:00Z,2026-10-07T07:28:56Z,panama,gdelt_doc,headline_metadata
art_e564c3eceb61d314,"Tras la Ceremonia de Inauguración , Colombia debuta en siete deportes de Santa Fe 2026",https://www.hsbnoticias.com/tras-la-ceremonia-de-inauguracion-colombia-debuta-en-siete-deportes-de-santa-fe-2026/,hsbnoticias.com,es,,2026-09-13T02:45:00Z,2026-10-07T07:28:56Z,panama,gdelt_doc,headline_metadata
art_281ecff3a4042d13,El estatus migratorio y la vivienda principal : ¿ existe un exceso reglamentario y de aplicación de la ley ?,https://www.prensa.com/opinion/el-estatus-migratorio-y-la-vivienda-principal-existe-un-exceso-reglamentario-y-de-aplicacion-de-la-ley/,prensa.com,es,,2026-09-13T04:15:00Z,2026-10-07T07:28:56Z,panama,gdelt_doc,headline_metadata
art_5a14cc447aeed8ee,La sociedad que estamos formando,https://www.prensa.com/opinion/la-sociedad-que-estamos-formando/,prensa.com,es,,2026-09-13T04:15:00Z,2026-10-07T07:28:56Z,panama,gdelt_doc,headline_metadata
art_78c00aa2a8fc4da2,Panamá conquista los Juegos Codicader con 72 medallas de oro,https://www.prensa.com/deportes/panama-conquista-los-juegos-codicader-con-72-medallas-de-oro/,prensa.com,es,,2026-09-13T04:15:00Z,2026-10-07T07:28:56Z,panama,gdelt_doc,headline_metadata
art_a51f2f039b414ec8,Salsipuedes : la memoria que se camina,https://www.prensa.com/opinion/salsipuedes-la-memoria-que-se-camina/,prensa.com,es,,2026-09-13T04:15:00Z,2026-10-07T07:28:56Z,panama,gdelt_doc,headline_metadata
art_a5d6fdf3f0e413a6,Santa Fe pone en acción los Suramericanos con emotiva ceremonia inaugural ; Panamá está en la fiesta,https://www.prensa.com/deportes/santa-fe-pone-en-accion-los-juegos-suramericanos-con-una-emotiva-ceremonia-inaugural/,prensa.com,es,,2026-09-13T04:15:00Z,2026-10-07T07:28:56Z,panama,gdelt_doc,headline_metadata
art_bce2805049512b22,Caso Odebrecht y la necesidad de un epílogo,https://www.prensa.com/opinion/caso-odebrecht-y-la-necesidad-de-un-epilogo/,prensa.com,es,,2026-09-13T04:15:00Z,2026-10-07T07:28:56Z,panama,gdelt_doc,headline_metadata
art_d09f2103f599bef1,Mucho había durado,https://www.prensa.com/opinion/mucho-habia-durado/,prensa.com,es,,2026-09-13T04:15:00Z,2026-10-07T07:28:56Z,panama,gdelt_doc,headline_metadata
art_d9fd6050379bdf75,¿ Y si una parte del tranque depende de nosotros ?,https://www.prensa.com/opinion/y-si-una-parte-del-tranque-depende-de-nosotros/,prensa.com,es,,2026-09-13T04:15:00Z,2026-10-07T07:28:56Z,panama,gdelt_doc,headline_metadata
art_e03faadf687cc256,Hacer la diferencia en un mundo cambiante,https://www.prensa.com/opinion/hacer-la-diferencia-en-un-mundo-cambiante/,prensa.com,es,,2026-09-13T04:15:00Z,2026-10-07T07:28:56Z,panama,gdelt_doc,headline_metadata
art_1304d01afb2ba251,Incidencia eléctrica afecta sectores de Panamá y San Miguelito,https://www.laestrella.com.pa/panama/nacional/incidencia-electrica-afecta-sectores-de-panama-y-san-miguelito-HF25644993,laestrella.com.pa,es,,2026-09-13T05:30:00Z,2026-10-07T07:28:56Z,panama,gdelt_doc,headline_metadata
art_166cc1507d0f88fa,Convenio Herrán - Cass : el inicio de las ambiciones de EE . UU . sobre Panamá,https://www.laestrella.com.pa/panama/publicando-historia/convenio-herran-cass-el-inicio-de-las-ambiciones-de-ee-uu-sobre-panama-EB25605463,laestrella.com.pa,es,,2026-09-13T05:30:00Z,2026-10-07T07:28:56Z,panama,gdelt_doc,headline_metadata
art_2d208c6f14060ec3,.: El Sol de Margarita :.,https://elsoldemargarita.com.ve/posts/post/id:258785/Bravos-,elsoldemargarita.com.ve,es,,2026-09-13T05:30:00Z,2026-10-07T07:28:56Z,panama,gdelt_doc,headline_metadata
art_4ad024ca55064501,"Terminal 3 de Tocumen : un proyecto de $3 , 500 millones que Panamá aún no necesita",https://www.laestrella.com.pa/panama/nacional/terminal-3-de-tocumen-un-proyecto-de-3500-millones-que-panama-aun-no-necesita-DC25638694,laestrella.com.pa,es,,2026-09-13T05:30:00Z,2026-10-07T07:28:56Z,panama,gdelt_doc,headline_metadata
art_7f83b81133c78598,Fundación Rescate de Alimentos es la protagonista de la Gala de Bristol 2026,https://www.laestrella.com.pa/vida-y-cultura/cultura/fundacion-rescate-de-alimentos-es-la-protagonista-de-la-gala-de-bristol-2026-GC25636734,laestrella.com.pa,es,,2026-09-13T05:30:00Z,2026-10-07T07:28:56Z,panama,gdelt_doc,headline_metadata
art_87b93663741b589b,Oferta exportable de Panamá alcanza $913 . 1 millones y sube 18 . 5 % a julio,https://www.laestrella.com.pa/economia/oferta-exportable-de-panama-alcanza-9131-millones-y-sube-185-a-julio-AC25637755,laestrella.com.pa,es,,2026-09-13T05:30:00Z,2026-10-07T07:28:56Z,panama,gdelt_doc,headline_metadata
art_8e80e5237aed10c9,¿ Qué busca Francia en Panamá ? El Canal y nuevas oportunidades de inversión,https://www.laestrella.com.pa/economia/que-busca-francia-en-panama-el-canal-y-nuevas-oportunidades-de-inversion-LC25638650,laestrella.com.pa,es,,2026-09-13T05:30:00Z,2026-10-07T07:28:56Z,panama,gdelt_doc,headline_metadata
art_912412317220bf2a,Miguel Ordez : Pandeportes no tiene la capacidad de asumir el mantenimiento de las obras,https://www.laestrella.com.pa/panama/poligrafo/miguel-ordonez-pandeportes-no-tiene-la-capacidad-de-asumir-el-mantenimiento-de-las-obras-DC25638803,laestrella.com.pa,es,,2026-09-13T05:30:00Z,2026-10-07T07:28:56Z,panama,gdelt_doc,headline_metadata
art_b3e900544003153b,Hoteles y franquicia ingresan al mercado eléctrico mayorista,https://www.laestrella.com.pa/economia/hoteles-y-franquicia-ingresan-al-mercado-electrico-mayorista-GC25638718,laestrella.com.pa,es,,2026-09-13T05:30:00Z,2026-10-07T07:28:56Z,panama,gdelt_doc,headline_metadata
art_ffddf95ff7761d10,"Universidad y minería , una visión crítica",https://www.laestrella.com.pa/vida-y-cultura/cultura/universidad-y-mineria-una-vision-critica-NC25636865,laestrella.com.pa,es,,2026-09-13T05:30:00Z,2026-10-07T07:28:56Z,panama,gdelt_doc,headline_metadata
art_298271b66f6b5d12,"¿ Estamos de nuevo en la antesala de la I Guerra Mundial ?, por Shlomo Ben Ami",https://www.lavanguardia.com/internacional/20260913/11633320/nuevo-antesala-i-guerra-mundial.html,lavanguardia.com,es,2026-09-13T00:00:00Z,2026-09-13T06:45:00Z,2026-10-07T07:28:56Z,panama,gdelt_doc,headline_metadata
art_45da6e51621c1926,Investigadores en apicultura de Panamá y Perú visitan Fonteboa,https://www.lavozdegalicia.es/noticia/carballo/2026/09/13/investigadores-apicultura-panama-peru-visitan-fonteboa/0003_202609C13C5992.htm,lavozdegalicia.es,es,2026-09-13T00:00:00Z,2026-09-13T07:30:00Z,2026-10-07T07:28:56Z,panama,gdelt_doc,headline_metadata
art_84a35b88373891ca,Inspeccionan proyecto eléctrico en Colón abandonado desde la pandemia,https://www.critica.com.pa/nacional/inspeccionan-proyecto-electrico-en-colon-abandonado-desde-la-pandemia-516259,critica.com.pa,es,,2026-09-13T07:30:00Z,2026-10-07T07:28:56Z,panama,gdelt_doc,headline_metadata
art_aad18ebb3b627551,Hereford y Copayan : la carne con marca es un sí y hubo evento de lanzamiento en la Rural del Prado 2026,https://rurales.elpais.com.uy/ganaderia/hereford-y-copayan-la-carne-con-marca-es-un-si-y-hubo-evento-de-lanzamiento-en-la-rural-del-prado-2026,rurales.elpais.com.uy,es,,2026-09-13T08:00:00Z,2026-10-07T07:28:56Z,panama,gdelt_doc,headline_metadata
art_cbc766a67a3e7bf7,China rechaza iniciativa de diputados panameños para estrechar vínculos con Taiwán,https://www.hispantv.com/noticias/panama/660322/china-rechaza-diputados-panama-estrechar-vinculos-taiwan,hispantv.com,es,,2026-09-13T08:15:00Z,2026-10-07T07:28:56Z,panama,gdelt_doc,headline_metadata
art_465d38c16bc9a1b5,España llega a la recta final antes del invierno con menos gas almacenado y el precio disparado hasta 80 euros por la guerra de Irán,https://www.larazon.es/economia/espana-llega-recta-final-antes-invierno-menos-gas-almacenado-precio-disparado-80-euros-guerra-iran_202609136aa6597f7486a40f2c9c3201.html,larazon.es,es,,2026-09-13T08:45:00Z,2026-10-07T07:28:56Z,panama,gdelt_doc,headline_metadata
art_7269094854fea6d0,6 de cada 10 especialistas en recursos humanos utilizan inteligencia artificial para la búsqueda de empleo,https://www.tvn-2.com/economia/empresas/publirreportajes/6-10-especialistas-recursos-humanos_1_2260300.html,TVN Panamá,es,2026-09-14T18:49:33Z,,2026-10-07T08:14:36Z,,tvn_rss,headline_metadata
art_9f17006804cb5d7e,"Economía panameña crece 8.49% en julio de 2026, según el INEC",https://www.tvn-2.com/nacionales/economia-panamena-crece-8-49_1_2261094.html,TVN Panamá,es,2026-09-15T21:17:29Z,,2026-10-07T08:14:36Z,,tvn_rss,headline_metadata
art_4c7577043fe6479e,"+Móvil lanza oficialmente más Starlink, el primer servicio de conectividad satelital móvil de Panamá",https://www.tvn-2.com/economia/empresas/publirreportajes/movil-lanza-oficialmente-starlink-primer_1_2261270.html,TVN Panamá,es,2026-09-16T19:31:35Z,,2026-10-07T08:14:36Z,,tvn_rss,headline_metadata
art_a015ad17dff06457,Empleo 2.0 Powered by Konzerta: Las claves de la feria laboral más grande del país,https://www.tvn-2.com/economia/empresas/publirreportajes/empleo-2-powered-by-konzerta_1_2261096.html,TVN Panamá,es,2026-09-16T19:33:00Z,,2026-10-07T08:14:36Z,,tvn_rss,headline_metadata
art_d4025d585f5bd21b,ZEEKR llega oficialmente a Panamá de la mano de Bahia Motors,https://www.tvn-2.com/economia/empresas/publirreportajes/zeekr-llega-oficialmente-panama-mano_1_2261254.html,TVN Panamá,es,2026-09-16T21:03:24Z,,2026-10-07T08:14:36Z,,tvn_rss,headline_metadata
art_4917994b5525ba7a,Sólo en su primer día más de 25 mil talentos participaron de Empleo 2.0 Powered by Konzerta,https://www.tvn-2.com/economia/empresas/publirreportajes/primer-dia-25-mil-talentos_1_2261292.html,TVN Panamá,es,2026-09-17T17:32:13Z,,2026-10-07T08:14:36Z,,tvn_rss,headline_metadata
art_40d350f2a9d6290d,Producto Interno Bruto de Panamá crece 6.4% en el segundo trimestre de 2026,https://www.tvn-2.com/economia/economia-panamena/producto-interno-bruto-pib-panama-crece-economia_1_2261484.html,TVN Panamá,es,2026-09-17T21:06:17Z,,2026-10-07T08:14:36Z,,tvn_rss,headline_metadata
art_afc60a8aa9ab6dc9,BRICS a nivel humano: cómo los programas de empleo fortalecen los lazos entre Rusia y Latinoamérica,https://www.tvn-2.com/mundo/brics-nivel-humano-programas-empleo_1_2261499.html,TVN Panamá,es,2026-09-18T15:15:43Z,,2026-10-07T08:14:36Z,,tvn_rss,headline_metadata
art_9f522a4a6e987ba2,Fitch Ratings cambia a positiva la perspectiva de Etesa y mantiene calificación en ‘B’,https://www.tvn-2.com/economia/empresas/ftch-ratings-cambia-positiva-perspectiva-etesa_1_2261870.html,TVN Panamá,es,2026-09-20T19:26:46Z,,2026-10-07T08:14:36Z,,tvn_rss,headline_metadata
art_adfc51a71e823909,Panamá Black Weekend 2026 se celebrará del 2 al 4 de octubre con descuentos de hasta 70%,https://www.tvn-2.com/economia/empresas/publirreportajes/panama-black-weekend-2026-celebrara_1_2261763.html,TVN Panamá,es,2026-09-21T14:30:19Z,,2026-10-07T08:14:36Z,,tvn_rss,headline_metadata
art_75f5ce9bd981336f,Jazz Experience llevará música y talento nacional a Boquete,https://www.tvn-2.com/economia/empresas/publirreportajes/jazz-experience-llevara-musica-talento_1_2261974.html,TVN Panamá,es,2026-09-23T04:59:00Z,,2026-10-07T08:14:36Z,,tvn_rss,headline_metadata
art_1e8eca233e0a95a3,Cárcel de Coclé : detienen a mujer con droga oculta en sus partes íntimas,https://www.critica.com.pa/sucesos/carcel-de-cocle-detienen-mujer-con-droga-oculta-en-sus-partes-intimas-516950,critica.com.pa,es,,2026-09-24T23:15:00Z,2026-10-07T07:28:56Z,panama,gdelt_doc,headline_metadata
art_25e59422ee80cefd,Minsa consigue B /. 26 . 1 millones para pagar turnos y cubrir necesidades de salud,https://www.critica.com.pa/nacional/minsa-consigue-b261-millones-para-pagar-turnos-y-cubrir-necesidades-de-salud-516954,critica.com.pa,es,,2026-09-24T23:15:00Z,2026-10-07T07:28:56Z,panama,gdelt_doc,headline_metadata
art_3474a587614eae63,Ñero le pegó un susto a su madre con la caída,https://www.critica.com.pa/show/nero-le-pego-un-susto-su-madre-con-la-caida-516949,critica.com.pa,es,,2026-09-24T23:15:00Z,2026-10-07T07:28:56Z,panama,gdelt_doc,headline_metadata
art_4f81ba3703f32018,Mulino frente a banqueros : No soy populista ... Estamos poniendo la casa en orden,https://www.critica.com.pa/nacional/mulino-frente-banqueros-no-soy-populistaestamos-poniendo-la-casa-en-orden-516931,critica.com.pa,es,,2026-09-24T23:15:00Z,2026-10-07T07:28:56Z,panama,gdelt_doc,headline_metadata
art_579a20a90419fc8a,Embarazo adolescente : reflejo de pobreza y exclusión,https://hoy.com.do/el-mundo/embarazo-adolescente-reflejo-pobreza-exclusion_1103481.html,hoy.com.do,es,,2026-09-24T23:15:00Z,2026-10-07T07:28:56Z,panama,gdelt_doc,headline_metadata
art_8de3bf5df90a1cef,Alstom firma contrato de US$90 millones para mantenimiento de vagones del metro,https://www.critica.com.pa/nacional/alstom-firma-contrato-de-us90-millones-para-mantenimiento-de-vagones-del-metro-516953,critica.com.pa,es,,2026-09-24T23:15:00Z,2026-10-07T07:28:56Z,panama,gdelt_doc,headline_metadata
art_983a07b347e1ddb9,Asamblea aprueba nueva distribución de circuitos electorales,https://www.critica.com.pa/nacional/asamblea-aprueba-nueva-distribucion-de-circuitos-electorales-516945,critica.com.pa,es,,2026-09-24T23:15:00Z,2026-10-07T07:28:56Z,panama,gdelt_doc,headline_metadata
art_a092b35a4380d380,Dan con el paradero de dos sospechosos del crimen de representante de Veladero,https://www.critica.com.pa/sucesos/dan-con-el-paradero-de-dos-sospechosos-del-crimen-de-representante-de-veladero-516958,critica.com.pa,es,,2026-09-24T23:15:00Z,2026-10-07T07:28:56Z,panama,gdelt_doc,headline_metadata
art_bf8119aecdca5dc1,Boric y Bachelet manifiestan preocupación por adhesión de Chile al Escudo de las Américas y piden a Kast reconsiderarlo,https://www.t13.cl/noticia/politica/boric-bachelet-manifiestan-preocupacion-por-adhesion-chile-escudo-americas-24-9-2026,t13.cl,es,,2026-09-24T23:15:00Z,2026-10-07T07:28:56Z,panama,gdelt_doc,headline_metadata
art_c476e48a05009d57,Las noticias economía del 24Sep en Venezuela,https://www.informe21.com/post/las-noticias-econom%C3%ADa-del-24sep-en-venezuela,informe21.com,es,,2026-09-24T23:15:00Z,2026-10-07T07:28:56Z,panama,gdelt_doc,headline_metadata
art_c509bb6d87778539,Protestan en Caracas por indefinición en fecha para elecciones y por salarios dignos,https://lajornadasanluis.com.mx/protestan-en-caracas-por-indefinicion-en-fecha-para-elecciones-y-por-salarios-dignos/,lajornadasanluis.com.mx,es,,2026-09-24T23:15:00Z,2026-10-07T07:28:56Z,panama,gdelt_doc,headline_metadata
art_c81d642a64281f02,Wilmar Paredes será baja de Colombia en el Mundial de Ciclismo,https://www.colombia.com/deportes/ciclismo/wilmar-paredes-sera-baja-de-colombia-en-el-mundial-de-ciclismo-602179,colombia.com,es,,2026-09-24T23:15:00Z,2026-10-07T07:28:56Z,panama,gdelt_doc,headline_metadata
art_f0c2df26064484d2,Feria del Libro abrirá al público a las 5 : 00 p . m . de este jueves,https://www.diariolibre.com/revista/cultura/2026/09/24/feria-del-libro-abrira-al-publico-a-las-500-pm-de-este-jueves/3668912,diariolibre.com,es,2026-09-24T00:00:00Z,2026-09-24T23:15:00Z,2026-10-07T07:28:56Z,panama,gdelt_doc,headline_metadata
art_f288e2a71b036e46,Anuncian recuperación casi total de operaciones en el puerto de La Guaira,https://laverdad.com/anuncian-recuperacion-casi-total-de-operaciones-en-el-puerto-de-la-guaira/,laverdad.com,es,,2026-09-24T23:15:00Z,2026-10-07T07:28:56Z,panama,gdelt_doc,headline_metadata
art_322575ffefd9d49a,"AMIA : así fueron los últimos 18 días antes del atentado según la reconstrucción de la Justicia - La resolución del juez federal Daniel Rafecas reconstruyó los movimientos de los acusados y de la estructura que , según la investigación , intervino en...",https://www.elliberal.com.ar/nota/92674/2026/09/amia--asi-fueron-los-ultimos-18-dias-antes-del-atentado-segun-la-reconstruccion-de-la-justicia,elliberal.com.ar,es,,2026-09-24T23:45:00Z,2026-10-07T07:28:56Z,panama,gdelt_doc,headline_metadata
art_17e7a5356b83cd8c,CEPANIM : MEF explica cómo evitar que el certificado sea inválido al momento de cobrarlo,https://www.telemetro.com/nacionales/cepanim-mef-explica-como-evitar-que-el-certificado-sea-invalido-al-momento-cobrarlo-n6092939,telemetro.com,es,,2026-09-25T00:00:00Z,2026-10-07T07:28:56Z,panama,gdelt_doc,headline_metadata
art_1c24993814d244e2,¿ Qué pasará con Aguas de Cartagena ? Directora de Veolia rompe el silencio ante la creación de una empresa pública,https://www.eluniversal.com.co/cartagena/2026/09/24/que-pasara-con-aguas-de-cartagena-directora-veolia-rompe-el-silencio-ante-la-creacion-de-una-empresa-publica/,eluniversal.com.co,es,2026-09-24T00:00:00Z,2026-09-25T00:00:00Z,2026-10-07T07:28:56Z,panama,gdelt_doc,headline_metadata
art_2b1863e724f837ab,XCOM LATAM 2026 reunirá en Panamá a más de 45 medios y líderes de la industria de la comunicación,https://www.telemetro.com/contenido-patrocinado/xcom-latam-2026-reunira-panama-mas-45-medios-y-lideres-la-industria-la-comunicacion-n6092930,telemetro.com,es,,2026-09-25T00:00:00Z,2026-10-07T07:28:56Z,panama,gdelt_doc,headline_metadata
art_58c4c92f4e4e1d7c,Vídeo : Delegados abandonan sala durante discurso de Netanyahu en ONU,https://www.hispantv.com/noticias/asia-occidental/661043/delegados-abandonan-sala-discurso-netanyahu-onu,hispantv.com,es,,2026-09-25T00:00:00Z,2026-10-07T07:28:56Z,panama,gdelt_doc,headline_metadata
art_618e7e4bae18888d,"Netanyahu , en EE . UU . para intervenir ante la ONU",https://efe.com/mundo/2026-09-24/netanyahu-israel-asamblea-general-onu-gaza-iran-nueva-york/,efe.com,es,2026-09-24T00:00:00Z,2026-09-25T00:00:00Z,2026-10-07T07:28:56Z,panama,gdelt_doc,headline_metadata
art_905fc94fb23e8524,VIDEO | De los guantes a la tabla : la hija de Fabián Assmann que va por el oro con apenas 14 años,https://www.agencianova.com/nova-deportes/2026/09/24/173077/video-de-los-guantes-a-la-tabla-la-hija-de-fabian-assmann-que-va-por-el-oro-con-apenas-14-anos/,agencianova.com,es,2026-09-24T00:00:00Z,2026-09-25T00:00:00Z,2026-10-07T07:28:56Z,panama,gdelt_doc,headline_metadata
art_90ae34eb9a4e7446,Guillermina Cossio en Santa Fe : qué dijo la velocista tras su paso por los 200 metros,https://www.ellitoral.com/deportes/guillerminacossio-juegossuramericanos2026-santafe-atletismo-barcelona-200metrosllanos_0_b35MD3VhXG.html,ellitoral.com,es,,2026-09-25T00:00:00Z,2026-10-07T07:28:56Z,panama,gdelt_doc,headline_metadata
art_ad3c5dffa3580846,Secretaría de Obras destinará más de 124 mdp en pavimentación de acceso a 23 escuelas,https://lineadirectaportal.com/sinaloa/secretaria-de-obras-destinara-mas-de-124-mdp-en-pavimentacion-de-acceso-a-23-escuelas-2026-09-24__1708111,lineadirectaportal.com,es,2026-09-24T00:00:00Z,2026-09-25T00:00:00Z,2026-10-07T07:28:56Z,panama,gdelt_doc,headline_metadata
art_b039652bb6594ac2,Gallardo tuvo un debut para el olvido como DT de Ecuador,https://www.elpatagonico.com/gallardo-tuvo-un-debut-el-olvido-como-dt-ecuador-n6326360,elpatagonico.com,es,,2026-09-25T00:00:00Z,2026-10-07T07:28:56Z,panama,gdelt_doc,headline_metadata
art_ccd6fbb7ff4ee231,India vs . Panamá : desde qué hora ver el partido este 25 de septiembre,https://www.telemetro.com/deportes/india-vs-panama-que-hora-ver-el-partido-este-25-septiembre-n6092942,telemetro.com,es,,2026-09-25T00:00:00Z,2026-10-07T07:28:56Z,panama,gdelt_doc,headline_metadata
art_e20035152d66a075,El karate chileno sumó nuevo oro en los Juegos Suramericanos : Tomás Freire brilló en final de infarto | Deportes,https://www.biobiochile.cl/noticias/deportes/mas-deportes/2026/09/24/el-karate-chileno-sumo-nuevo-oro-en-los-juegos-suramericanos-tomas-freire-brillo-en-final-de-infarto.shtml,biobiochile.cl,es,2026-09-24T00:00:00Z,2026-09-25T00:00:00Z,2026-10-07T07:28:56Z,panama,gdelt_doc,headline_metadata
art_ed9d203ce1276928,Del exprópiese de Chávez al Begoña inocente de Sánchez,https://panampost.com/hana-fischer/2026/09/24/del-expropiese-de-chavez-al-begona-inocente-de-sanchez/,panampost.com,es,2026-09-24T00:00:00Z,2026-09-25T00:00:00Z,2026-10-07T07:28:56Z,panama,gdelt_doc,headline_metadata
art_f3dca563ac186604,Ballet Nacional de Panamá presenta El lago de los cisnes en histórico teatro de Brasil,https://www.telemetro.com/nacionales/ballet-nacional-panama-presenta-el-lago-los-cisnes-historico-teatro-brasil-n6092937,telemetro.com,es,,2026-09-25T00:00:00Z,2026-10-07T07:28:56Z,panama,gdelt_doc,headline_metadata
art_48d901e828a694d3,Metro de Panamá y Alstom acuerdan plan de mantenimiento de $90 millones para las Líneas 1 y 2,https://www.panamaamerica.com.pa/sociedad/metro-de-panama-y-alstom-acuerdan-plan-de-mantenimiento-de-90-millones-para-las-lineas-1-0,panamaamerica.com.pa,es,,2026-09-25T00:15:00Z,2026-10-07T07:28:56Z,panama,gdelt_doc,headline_metadata
art_344588e764908137,Se inicia formalmente la Filsd 2026 - Diario Libre,https://www.diariolibre.com/revista/cultura/2026/09/24/se-inicia-formalmente-la-filsd-2026/3669530,diariolibre.com,es,2026-09-24T00:00:00Z,2026-09-25T00:30:00Z,2026-10-07T07:28:56Z,panama,gdelt_doc,headline_metadata
art_d0ed1cf44777c26d,Otro país sudamericano se adhiere al Escudo de las Américas : qué se sabe,https://lajornadanet.com/portada/otro-pais-sudamericano-se-adhiere-al-escudo-de-las-americas-que-se-sabe/,lajornadanet.com,es,,2026-09-25T00:30:00Z,2026-10-07T07:28:56Z,panama,gdelt_doc,headline_metadata
art_16cf8ac4f457aa56,Ashley Barragán con la corona del Festival de la Carreta,https://www.critica.com.pa/show/ashley-barragan-con-la-corona-del-festival-de-la-carreta-516948,critica.com.pa,es,,2026-09-25T00:45:00Z,2026-10-07T07:28:56Z,panama,gdelt_doc,headline_metadata
art_17b5ed50fed7d6dc,Lluvias dan un respiro al Canal : mantendría 48 pies y 32 tránsitos,https://www.critica.com.pa/nacional/lluvias-dan-un-respiro-al-canal-mantendria-48-pies-y-32-transitos-516962,critica.com.pa,es,,2026-09-25T00:45:00Z,2026-10-07T07:28:56Z,panama,gdelt_doc,headline_metadata
art_25e5b75c83d76bf4,"Esta es la mejor ciudad de Centroamérica en 2026 , según ranking internacional | GDA – Grupo de Diarios América",https://gda.com/detalle-de-la-noticia/?article=6187677,gda.com,es,,2026-09-25T00:45:00Z,2026-10-07T07:28:56Z,panama,gdelt_doc,headline_metadata
art_25f7ce48e9dc9594,Panamá Oeste : MINSA confirma un muerto por dengue en Arraiján,https://www.critica.com.pa/nacional/panama-oeste-minsa-confirma-un-muerto-por-dengue-en-arraijan-516960,critica.com.pa,es,,2026-09-25T00:45:00Z,2026-10-07T07:28:56Z,panama,gdelt_doc,headline_metadata
art_67caca7989f21bed,"Netanyahu ofrece a Mulino cooperación en IA , seguridad y comercio",https://www.critica.com.pa/nacional/netanyahu-ofrece-mulino-cooperacion-en-ia-seguridad-y-comercio-516964,critica.com.pa,es,,2026-09-25T00:45:00Z,2026-10-07T07:28:56Z,panama,gdelt_doc,headline_metadata
art_7835a65aee4cf2c2,Gobierno de Trump pide a la Corte Suprema permitir deportaciones rápidas a terceros países,https://www.telemundoatlanta.com/2026/09/24/gobierno-de-trump-pide-la-corte-suprema-permitir-deportaciones-rpidas-terceros-pases/,telemundoatlanta.com,es,2026-09-24T00:00:00Z,2026-09-25T00:45:00Z,2026-10-07T07:28:56Z,panama,gdelt_doc,headline_metadata
art_904f4f585dfa4022,Estrellas Orientales refuerzan su receptoría con el panameño Leo Bernal,https://www.dominicanoshoy.com/2026/09/24/estrellas-orientales-refuerzan-su-receptoria-con-el-panameno-leo-bernal/,dominicanoshoy.com,es,2026-09-24T00:00:00Z,2026-09-25T00:45:00Z,2026-10-07T07:28:56Z,panama,gdelt_doc,headline_metadata
art_ea97427e97698801,Tovar informó sobre reunión con Trump desde el 17 de setiembre,https://crhoy.com:443/nacionales/tovar-informo-sobre-reunion-con-trump-desde-el-17-de-setiembre/,crhoy.com,es,,2026-09-25T00:45:00Z,2026-10-07T07:28:56Z,panama,gdelt_doc,headline_metadata
art_06687faa4cc2700e,Canal de Panamá pospone restricciones de calado gracias a las lluvias,https://www.panamaamerica.com.pa/canal-de-panama-pospone-restricciones-de-calado-gracias-las-lluvias-1266715,panamaamerica.com.pa,es,,2026-09-25T01:00:00Z,2026-10-07T07:28:56Z,panama,gdelt_doc,headline_metadata
art_145e08124b153988,El magdalenense Arnovis Dalmero da un salto dorado en los Juegos Suramericanos,https://www.elheraldo.co/deportes/2026/09/25/el-magdalenense-arnovis-dalmero-da-un-salto-dorado/,elheraldo.co,es,2026-09-25T00:00:00Z,2026-09-25T01:00:00Z,2026-10-07T07:28:56Z,panama,gdelt_doc,headline_metadata
art_32d52642c56a3271,Hace más de 50 años soltaron peces para pesca deportiva : hoy esa especie ha eliminado gran parte de los peces nativos,https://www.diariouno.com.ar/sociedad/hace-mas-50-anos-soltaron-peces-pesca-deportiva-hoy-esa-especie-ha-eliminado-gran-parte-los-peces-nativos-n1599658,diariouno.com.ar,es,,2026-09-25T01:00:00Z,2026-10-07T07:28:56Z,panama,gdelt_doc,headline_metadata
art_7b491b795332df32,Preview - Asamblea de Panamá,https://www.asamblea.gob.pa/Noticias/Noticias/ANALIZAN-PROYECTO-QUE-REGULA-CONDICIONES-DE-INGRESO-DE-MENORES-DE-EDAD-A-HOSPEDAJES,asamblea.gob.pa,es,,2026-09-25T01:00:00Z,2026-10-07T07:28:56Z,panama,gdelt_doc,headline_metadata
art_8d0c9df5ad712ce3,Argentina hace historia en Santa Fe 2026 : oro y récord de campeonato en el relevo 4x400 mixto,https://www.ellitoral.com/deportes/juegossuramericanos-4x400metrosmixto-elianlarregina-meganpowell-santafe2026-relevos_0_oMUQKgRQLh.html,ellitoral.com,es,,2026-09-25T01:00:00Z,2026-10-07T07:28:56Z,panama,gdelt_doc,headline_metadata
art_98e623908252e5c7,Preview - Asamblea de Panamá,https://www.asamblea.gob.pa/Noticias/Actualidad/PRESIDENTA-DE-LA-ASAMBLEA-SUSTENTA-TRASLADO-DE-PARTIDA,asamblea.gob.pa,es,,2026-09-25T01:00:00Z,2026-10-07T07:28:56Z,panama,gdelt_doc,headline_metadata
art_ae2af8938d0dfbb1,NTN24 tuvo acceso a documento que demostraría que el bloqueo para el regreso de María Corina Machado a Venezuela habría sido levantado por el régimen,https://www.ntn24.com/noticias-actualidad/ntn24-tuvo-acceso-a-documento-que-demostraria-que-el-bloqueo-para-el-regreso-de-maria-corina-machado-a-venezuela-habria-sido-levantado-por-el-regimen-653240,ntn24.com,es,,2026-09-25T01:00:00Z,2026-10-07T07:28:56Z,panama,gdelt_doc,headline_metadata
art_af662242ea0bb792,Clínica colombiana de implantes de pelo invertirá 10 % de sus ingresos en tecnología y prepara llegada a Chile y Brasil,https://infonegocios.com.co/nota-principal-2/clinica-colombiana-de-implantes-de-pelo-nvertira-10-de-sus-ingresos-en-tecnologia-y-prepara-llegada-a-chile-y-brasil,infonegocios.com.co,es,,2026-09-25T01:00:00Z,2026-10-07T07:28:56Z,panama,gdelt_doc,headline_metadata
art_d87c41c724b3d956,Torrencial aguacero en Portoviejo deja calles anegadas y genera preocupación entre habitantes,https://www.teleamazonas.com/actualidad/noticias/ecuador/torrencial-aguacero-portoviejo-calles-anegadas-lluvias-manabi-128810/,teleamazonas.com,es,,2026-09-25T01:00:00Z,2026-10-07T07:28:56Z,panama,gdelt_doc,headline_metadata
art_0e598e95c6b88ee5,La descubrieron en los controles : mujer bellaca llevaba presunta sustancia ilícita oculta en sus partes íntimas,https://www.midiario.com/policiales/la-descubrieron-en-los-controles-mujer-bellaca-llevaba-presunta-sustancia-ilicita-oculta-en-sus-partes-intimas/,midiario.com,es,,2026-09-25T01:15:00Z,2026-10-07T07:28:56Z,panama,gdelt_doc,headline_metadata
art_108b270c2fccd2ec,"Carrasquilla recibe contundente sanción tras su tarjeta roja , ¿ cuánto estará fuera ?",https://www.publimetro.com.mx/deportes/2026/09/24/carrasquilla-recibe-contundente-sancion-tras-su-tarjeta-roja-cuanto-estara-fuera/,publimetro.com.mx,es,2026-09-24T00:00:00Z,2026-09-25T01:15:00Z,2026-10-07T07:28:56Z,panama,gdelt_doc,headline_metadata
art_207cf6696a115fe8,¡ NO ERA UNA SIMPLE RESIDENCIA ! Hallan taller clandestino de puros en La Chorrera,https://www.midiario.com/policiales/no-era-una-simple-residencia-hallan-taller-clandestino-de-puros-en-la-chorrera/,midiario.com,es,,2026-09-25T01:15:00Z,2026-10-07T07:28:56Z,panama,gdelt_doc,headline_metadata
art_2e858637a6083430,Keylor Navas sí jugará este fin de semana,https://www.nacion.com/puro-deporte/futbol/keylor-navas-si-jugara-este-fin-de-semana/VCHRAEIXZJF2THKELLKNYL62A4/story/,nacion.com,es,,2026-09-25T01:15:00Z,2026-10-07T07:28:56Z,panama,gdelt_doc,headline_metadata
art_4cb641184fcd1a13,Disputa geoestratégica en América Latina,https://www.teletica.com/de-la-a-a-la-z/disputa-geoestrategica-en-america-latina_417959,teletica.com,es,,2026-09-25T01:15:00Z,2026-10-07T07:28:56Z,panama,gdelt_doc,headline_metadata
art_539cea73afe77f3e,Paul Skenes alcanza los 200 ponches y revive una marca dormida desde 1966,https://www.midiario.com/deportivas/paul-skenes-alcanza-los-200-ponches-y-revive-una-marca-dormida-desde-1966/,midiario.com,es,,2026-09-25T01:15:00Z,2026-10-07T07:28:56Z,panama,gdelt_doc,headline_metadata
art_55044da68237228f,Valentina Toro vuelve a lo grande : gana oro en los Juegos Suramericanos tras grave lesión,https://www.radioagricultura.cl/deportes/valentina-toro-vuelve-a-lo-grande-gana-oro-en-los-juegos-suramericanos-tras-grave-lesion_20260924/,radioagricultura.cl,es,2026-09-24T00:00:00Z,2026-09-25T01:15:00Z,2026-10-07T07:28:56Z,panama,gdelt_doc,headline_metadata
art_8e3b5e819e469426,Los Cubs están en playoffs y Miguel Amaya puede vivir su primera postemporada,https://www.midiario.com/deportivas/los-cubs-estan-en-playoffs-y-miguel-amaya-puede-vivir-su-primera-postemporada/,midiario.com,es,,2026-09-25T01:15:00Z,2026-10-07T07:28:56Z,panama,gdelt_doc,headline_metadata
art_9a41284ca9600862,Panamá enfrenta a India con cinco posibles debutantes y una misión clara,https://www.midiario.com/deportivas/panama-enfrenta-a-india-con-cinco-posibles-debutantes-y-una-mision-clara/,midiario.com,es,,2026-09-25T01:15:00Z,2026-10-07T07:28:56Z,panama,gdelt_doc,headline_metadata
art_b4704c513acc0e62,¡ El rey sigue siendo panameño ! Chamar Chambers vuela por otro oro en los 800 metros,https://www.midiario.com/deportivas/el-rey-sigue-siendo-panameno-chamar-chambers-vuela-por-otro-oro-en-los-800-metros/,midiario.com,es,,2026-09-25T01:15:00Z,2026-10-07T07:28:56Z,panama,gdelt_doc,headline_metadata
art_ceaff0834dc40868,¿ Por qué debemos ir a la Feria del Libro y qué nos falta para crear lectores ?,https://acentotv.acento.com.do/gustavo-podcast/por-qu-debemos-ir-a-la-feria-del-libro-y-qu-nos-falta-para-crear-lectores-59268.html,acentotv.acento.com.do,es,,2026-09-25T01:15:00Z,2026-10-07T07:28:56Z,panama,gdelt_doc,headline_metadata
art_e5421abf1f119506,Escudo de las Américas anuncia acciones contra 24 grupos narcoterroristas – Publimetro México,https://www.publimetro.com.mx/noticias/2026/09/24/paises-de-america-coordinan-sanciones-contra-24-organizaciones-criminales-incluido-el-cjng/,publimetro.com.mx,es,2026-09-24T00:00:00Z,2026-09-25T01:15:00Z,2026-10-07T07:28:56Z,panama,gdelt_doc,headline_metadata
art_872cac7a321c77e8,Se definen todos los podios del surf suramericano,https://www.lacapitalmdp.com/se-definen-todos-los-podios-del-surf-suramericano/,lacapitalmdp.com,es,,2026-09-25T01:30:00Z,2026-10-07T07:28:56Z,panama,gdelt_doc,headline_metadata
art_6e04aab0267ff21f,Pirates vencen a Cardenales y logran temporada no perdedora,https://netnoticias.mx/deportes/pirates-vencen-a-cardenales-y-aseguran-su-primera-temporada-no-perdedora-desde-2018,netnoticias.mx,es,,2026-09-25T01:45:00Z,2026-10-07T07:28:56Z,panama,gdelt_doc,headline_metadata
art_7039c3151a2ca2b5,Paz se reunirá este jueves en Nueva York con el primer ministro de Israel,https://eju.tv/2026/09/paz-se-reunira-este-jueves-en-nueva-york-con-el-primer-ministro-de-israel/,eju.tv,es,,2026-09-25T01:45:00Z,2026-10-07T07:28:56Z,panama,gdelt_doc,headline_metadata
art_97a0e7e1865bf394,"Historias de voluntarios : « Estoy encantada con estos Juegos , pero en especial con Rosario »",https://elciudadanoweb.com/historias-de-voluntarios-estoy-encantada-con-estos-juegos-pero-en-especial-con-rosario/,elciudadanoweb.com,es,,2026-09-25T01:45:00Z,2026-10-07T07:28:56Z,panama,gdelt_doc,headline_metadata
art_4ddeb80f7d9afbf0,Cofepris da luz verde a inyección semestral para prevenir el VIH,https://elmanana.com.mx/nacional/2026/9/24/cofepris-da-luz-verde-a-inyeccion-semestral-para-prevenir-el-vih-181238.html,elmanana.com.mx,es,,2026-09-25T02:00:00Z,2026-10-07T07:28:56Z,panama,gdelt_doc,headline_metadata
art_75bdb7b9676763fd,David Murcia Guzmán se retracta de todos sus señalamientos contra Abelardo de la Espriella,https://elpais.com/america-colombia/2026-09-25/david-murcia-guzman-se-retracta-de-todos-sus-senalamientos-contra-abelardo-de-la-espriella.html,elpais.com,es,2026-09-25T00:00:00Z,2026-09-25T02:00:00Z,2026-10-07T07:28:56Z,panama,gdelt_doc,headline_metadata
art_20dd1a714fbc5f72,Sesión de Comisión de Presupuesto inició antes de lo programado y se transmitió parcialmente,https://www.telemetro.com/nacionales/sesion-comision-presupuesto-inicio-antes-lo-programado-y-se-transmitio-parcialmente-n6092945,telemetro.com,es,,2026-09-25T02:15:00Z,2026-10-07T07:28:56Z,panama,gdelt_doc,headline_metadata
art_2fc8737b711dbde9,¡ Otro oro para Ronal Longa ! El colombiano ganó los 200 metros en los Juegos Suramericanos,https://www.elespectador.com/deportes/mas-deportes/otro-oro-para-ronal-longa-el-colombiano-gano-los-200-metros-en-los-juegos-suramericanos/,elespectador.com,es,,2026-09-25T02:15:00Z,2026-10-07T07:28:56Z,panama,gdelt_doc,headline_metadata
art_534f0b8d06826fca,La Nación / Peña y Benjamín Netanyahu se reunieron en la ONU,https://www.lanacion.com.py/politica/2026/09/24/pena-y-benjamin-netanyahu-se-reunieron-en-la-onu/,lanacion.com.py,es,2026-09-24T00:00:00Z,2026-09-25T02:15:00Z,2026-10-07T07:28:56Z,panama,gdelt_doc,headline_metadata
art_8bdf0bd7f22566a6,Valentina Toro y Tomás Freire suman dos medallas de oro en karate en los Juegos Suramericanos,https://puranoticia.pnt.cl/deportes/valentina-toro-y-tomas-freire-suman-dos-medallas-de-oro-en-karate-en-los,puranoticia.pnt.cl,es,,2026-09-25T02:15:00Z,2026-10-07T07:28:56Z,panama,gdelt_doc,headline_metadata
art_95b1c7569760eace,Colombia suma dos oros en atletismo y presiona a Argentina por el segundo lugar,https://www.eluniversal.com.co/deportes/2026/09/24/colombia-suma-dos-oros-en-atletismo-y-presiona-a-argentina-por-el-segundo-lugar/,eluniversal.com.co,es,2026-09-24T00:00:00Z,2026-09-25T02:15:00Z,2026-10-07T07:28:56Z,panama,gdelt_doc,headline_metadata
art_b02f0fdb01884c98,Peña y Mulino dialogan sobre el restablecimiento de la democracia en Venezuela,https://www.el-carabobeno.com/pena-y-mulino-dialogan-sobre-el-restablecimiento-de-la-democracia-en-venezuela/,el-carabobeno.com,es,,2026-09-25T02:15:00Z,2026-10-07T07:28:56Z,panama,gdelt_doc,headline_metadata
art_4274a6f5f7ef6f97,Guatemala quiere terminar con el dominio de Jamaica en Kingston por la Liga de Naciones de Concacaf,https://dca.gob.gt/noticias-guatemala-diario-centro-america/guatemala-quiere-terminar-con-el-dominio-de-jamaica-en-kingston-por-la-liga-de-naciones-de-concacaf/,dca.gob.gt,es,,2026-09-25T04:15:00Z,2026-10-07T07:28:56Z,panama,gdelt_doc,headline_metadata
art_399b5235e1f3ea36,Zapatero recurre a Arabia Saudí para demostrar el origen de las joyas halladas en su caja fuerte,https://www.mundiario.com/articulo/politica/zapatero-recurre-arabia-saudi-demostrar-origen-joyas-halladas-caja-fuerte/20260925054202443093.html,mundiario.com,es,,2026-09-25T04:45:00Z,2026-10-07T07:28:56Z,panama,gdelt_doc,headline_metadata
art_08cbdb2bc83a03db,Encuentro iberoamericano de mujeres - Noticias de San Luis Potosí,https://sanluispotosi.quadratin.com.mx/principal/slp-recibira-encuentro-iberoamericano-de-mujeres-en-la-musica/,sanluispotosi.quadratin.com.mx,es,,2026-09-25T05:15:00Z,2026-10-07T07:28:56Z,panama,gdelt_doc,headline_metadata
art_2bf1f150e579ff7e,La CE avisa a España de que debe informar de la visita de Delcy Rodríguez a Madrid por seguir sancionada,https://www.libertaddigital.com/espana/politica/2026-09-25/la-ce-avisa-a-espana-de-que-debe-informar-de-la-visita-de-delcy-rodriguez-a-madrid-por-seguir-sancionada-7465438/,libertaddigital.com,es,2026-09-25T00:00:00Z,2026-09-25T05:15:00Z,2026-10-07T07:28:56Z,panama,gdelt_doc,headline_metadata
art_48866dbc0256d2dc,"Surinam pone la mira en Panamá para impulsar energía , comercio e inversiones",https://www.critica.com.pa/nacional/surinam-pone-la-mira-en-panama-para-impulsar-energia-comercio-e-inversiones-516984,critica.com.pa,es,,2026-09-25T05:15:00Z,2026-10-07T07:28:56Z,panama,gdelt_doc,headline_metadata
art_1eb7404d0cdc23b3,FILSD 2026 : actividades culturales en Panamá,https://www.diariolibre.com/revista/cultura/2026/09/25/filsd-2026-actividades-culturales-en-panama/3669186,diariolibre.com,es,2026-09-25T00:00:00Z,2026-09-25T05:30:00Z,2026-10-07T07:28:56Z,panama,gdelt_doc,headline_metadata
art_94747fb56063e6b2,"Trump , fascinado con Delcy y alejado de María Corina Machado",https://www.libertaddigital.com/internacional/latinoamerica/2026-09-25/trump-fascinado-con-delcy-y-alejado-de-maria-corina-machado-7465568/,libertaddigital.com,es,2026-09-25T00:00:00Z,2026-09-25T05:30:00Z,2026-10-07T07:28:56Z,panama,gdelt_doc,headline_metadata
art_c0153411a99b2524,Confabulario,https://www.panamaamerica.com.pa/confabulario/confabulario-1266702,panamaamerica.com.pa,es,,2026-09-25T05:30:00Z,2026-10-07T07:28:56Z,panama,gdelt_doc,headline_metadata
art_325d77aae665374a,Canal de Panamá : subastas por cupos de tránsitos sin reserva alcanzan hasta los US$5 millones,https://www.mundomaritimo.cl/noticias/canal-de-panama-subastas-por-cupos-de-transitos-sin-reserva-alcanzan-hasta-los-us5-millones,mundomaritimo.cl,es,,2026-09-25T05:45:00Z,2026-10-07T07:28:56Z,panama,gdelt_doc,headline_metadata
art_9e8d36a73c9f4731,Ruta Transpacífico : temporada alta se prolonga más de lo previsto y mantiene elevadas las tarifas spot,https://www.mundomaritimo.cl/noticias/ruta-transpacifico-temporada-alta-se-prolonga-mas-de-lo-previsto-y-mantiene-elevadas-las-tarifas-spot,mundomaritimo.cl,es,,2026-09-25T05:45:00Z,2026-10-07T07:28:56Z,panama,gdelt_doc,headline_metadata
art_a16686e4cc42bd27,Registro de Buques de Panamá cae al tercer lugar mundial por tonelaje de arqueo bruto,https://www.mundomaritimo.cl/noticias/registro-de-buques-de-panama-cae-al-tercer-lugar-mundial-por-tonelaje-de-arqueo-bruto,mundomaritimo.cl,es,,2026-09-25T05:45:00Z,2026-10-07T07:28:56Z,panama,gdelt_doc,headline_metadata
art_b086e99aa68ddc8a,FDDNY : Liga Víctor Osoria se corona en Juegos de la Comunidad,https://www.diariolibre.com/deportes/beisbol/2026/09/24/fddny-liga-victor-osoria-se-corona-en-juegos-de-la-comunidad/3669614,diariolibre.com,es,2026-09-24T00:00:00Z,2026-09-25T05:45:00Z,2026-10-07T07:28:56Z,panama,gdelt_doc,headline_metadata
art_e0dec27872791526,Cubadebate,http://www.cubadebate.cu/especiales/2026/09/25/cuba-en-datos-el-bloqueo-tambien-juega-en-contra/,cubadebate.cu,es,2026-09-25T00:00:00Z,2026-09-25T05:45:00Z,2026-10-07T07:28:56Z,panama,gdelt_doc,headline_metadata
art_e3245b74732cfb65,Equilibrio entre la oferta y demanda de portacontenedores sufriría deterioro en 2027,https://www.mundomaritimo.cl/noticias/equilibrio-entre-la-oferta-y-demanda-de-portacontenedores-sufriria-deterioro-en-2027,mundomaritimo.cl,es,,2026-09-25T05:45:00Z,2026-10-07T07:28:56Z,panama,gdelt_doc,headline_metadata
art_f21aa03a1bd29b62,Entre montaje y visitas FILSD abre sus puertas,https://hoy.com.do/el-pais/montaje-visitas-filsd-abre-puertas_1103501.html,hoy.com.do,es,,2026-09-25T05:45:00Z,2026-10-07T07:28:56Z,panama,gdelt_doc,headline_metadata
art_09e8041630cbf5e0,Hoy en la historia . Muere Wangari Maathai,https://hoy.com.do/vivir/hoy-historia-muere-wangari-maathai_1103514.html,hoy.com.do,es,,2026-09-25T06:00:00Z,2026-10-07T07:28:56Z,panama,gdelt_doc,headline_metadata
art_932067659ec2d882,La división inmobiliaria aporta más de la mitad de los ingresos del Grupo Inveravante,https://www.lavozdegalicia.es/noticia/economia/2026/09/25/division-inmobiliaria-aporta-mitad-ingresos-grupo-inveravante/0003_202609G25P25992.htm,lavozdegalicia.es,es,2026-09-25T00:00:00Z,2026-09-25T06:00:00Z,2026-10-07T07:28:56Z,panama,gdelt_doc,headline_metadata
art_9b473aa08f935ddf,Tocumen supera los 15 . 8 millones de pasajeros en agosto y crece un 15 %,https://www.panamaamerica.com.pa/economia/tocumen-supera-los-158-millones-de-pasajeros-en-agosto-y-crece-un-15-1266695,panamaamerica.com.pa,es,,2026-09-25T06:15:00Z,2026-10-07T07:28:56Z,panama,gdelt_doc,headline_metadata
art_e422096cadd0e597,La ausencia de servicios básicos limita la reducción del déficit habitacional,https://www.panamaamerica.com.pa/economia/la-ausencia-de-servicios-basicos-limita-la-reduccion-del-deficit-habitacional-1266707,panamaamerica.com.pa,es,,2026-09-25T06:15:00Z,2026-10-07T07:28:56Z,panama,gdelt_doc,headline_metadata
art_10a2962e77076f4a,Colombia y el nuevo tablero geopolítico,https://www.elnuevosiglo.com.co/columnistas/colombia-y-el-nuevo-tablero-geopolitico,elnuevosiglo.com.co,es,,2026-09-25T06:30:00Z,2026-10-07T07:28:56Z,panama,gdelt_doc,headline_metadata
art_46f1b3bd9b81b549,El Tigre : un soberano líder | El Nuevo Siglo,https://www.elnuevosiglo.com.co/columnistas/el-tigre-un-soberano-lider,elnuevosiglo.com.co,es,,2026-09-25T06:30:00Z,2026-10-07T07:28:56Z,panama,gdelt_doc,headline_metadata
art_b487fc3289cabf0d,"Por qué el embarazo en adolescentes es un marcador de desigualdad , por Alejandra Corao",https://talcualdigital.com/por-que-el-embarazo-en-adolescentes-es-un-marcador-de-desigualdad-por-alejandra-corao/,talcualdigital.com,es,,2026-09-25T06:30:00Z,2026-10-07T07:28:56Z,panama,gdelt_doc,headline_metadata
art_e004ba423624004b,Simuladores de vuelo en Feria Internacional del Libro en RD,https://almomento.net/simuladores-de-vuelo-en-feria-internacional-del-libro-en-rd/,almomento.net,es,,2026-09-25T06:30:00Z,2026-10-07T07:28:56Z,panama,gdelt_doc,headline_metadata
art_5d3870e74e69d638,Cobardes morales y la mayor mentira del siglo : el incendiario discurso de Benjamin Netanyahu en la ONU,https://www.elpais.com.uy/mundo/cobardes-morales-y-la-mayor-mentira-del-siglo-el-incendiario-discurso-de-benjamin-netanyahu-en-la-onu,elpais.com.uy,es,,2026-09-25T06:45:00Z,2026-10-07T07:28:56Z,panama,gdelt_doc,headline_metadata
art_71e765fe0e9ba5f3,El valor de actuar juntos,https://www.prensalibre.com/opinion/plumas-invitadas/el-valor-de-actuar-juntos/,prensalibre.com,es,,2026-09-25T06:45:00Z,2026-10-07T07:28:56Z,panama,gdelt_doc,headline_metadata
art_fefe7dc82ab09025,Kast defendió la adhesión de Chile al Escudo de las Américas : No perderemos soberanía,https://www.infobae.com/america/america-latina/2026/09/25/kast-defendio-la-adhesion-de-chile-al-escudo-de-las-americas-no-perderemos-soberania/,infobae.com,es,2026-09-25T00:00:00Z,2026-09-25T06:45:00Z,2026-10-07T07:28:56Z,panama,gdelt_doc,headline_metadata
art_1177e312c75b1324,Fine Dining Week : cinco restaurantes chilenos serán parte,https://www.elmostrador.cl/revista-jengibre/gastronomia/2026/09/25/de-chile-a-el-salvador-los-cinco-restaurantes-que-llegaran-a-la-primera-fine-dining-week/,elmostrador.cl,es,2026-09-25T00:00:00Z,2026-09-25T07:00:00Z,2026-10-07T07:28:56Z,panama,gdelt_doc,headline_metadata
art_2d79e16a4944665a,Gianna Woodruff y Chamar Chambers conquistan el oro en Juegos Suramericanos,https://www.critica.com.pa/deportes/gianna-woodruff-y-chamar-chambers-conquistan-el-oro-en-juegos-suramericanos-516966,critica.com.pa,es,,2026-09-25T07:00:00Z,2026-10-07T07:28:56Z,panama,gdelt_doc,headline_metadata
art_30d0fc6bccc445c6,"SED 2026 finaliza con éxito , reúne a más de 300 personas y reafirma la importancia del servicio al cliente en Panamá",https://www.critica.com.pa/nacional/sed-2026-finaliza-con-exito-reune-mas-de-300-personas-y-reafirma-la-importancia-del,critica.com.pa,es,,2026-09-25T07:00:00Z,2026-10-07T07:28:56Z,panama,gdelt_doc,headline_metadata
art_35be60ab0dd98b5b,Asamblea da luz verde al mapa electoral de 2029,https://www.critica.com.pa/nacional/asamblea-da-luz-verde-al-mapa-electoral-de-2029-516977,critica.com.pa,es,,2026-09-25T07:00:00Z,2026-10-07T07:28:56Z,panama,gdelt_doc,headline_metadata
art_7be0de93eb393aa9,Corredores bajo la lupa : ENA apuesta por cámaras e inteligencia artificial,https://www.critica.com.pa/nacional/corredores-bajo-la-lupa-ena-apuesta-por-camaras-e-inteligencia-artificial-516980,critica.com.pa,es,,2026-09-25T07:00:00Z,2026-10-07T07:28:56Z,panama,gdelt_doc,headline_metadata
art_7c0e423099df1347,Pase - U llega a Panamá Este : entregarán 56 mil tarjetas Punch,https://www.critica.com.pa/nacional/pase-u-llega-panama-este-entregaran-56-mil-tarjetas-punch-516979,critica.com.pa,es,,2026-09-25T07:00:00Z,2026-10-07T07:28:56Z,panama,gdelt_doc,headline_metadata
art_940b12477a21538e,Piden focalizar beneficios de jubilados en productos esenciales,https://www.critica.com.pa/nacional/piden-focalizar-beneficios-de-jubilados-en-productos-esenciales-516978,critica.com.pa,es,,2026-09-25T07:00:00Z,2026-10-07T07:28:56Z,panama,gdelt_doc,headline_metadata
art_a4fde9cc851b47c6,Se escucha por ahí,https://www.critica.com.pa/escucha/se-escucha-por-ahi-516986,critica.com.pa,es,,2026-09-25T07:00:00Z,2026-10-07T07:28:56Z,panama,gdelt_doc,headline_metadata
art_d711179a283ac64d,"La Fuerza Aérea de EE . UU . despide su último EC - 130H Compass Call tras más de 40 años de guerra electrónica , y el EA - 37B asume ahora su misión",https://www.larazon.es/tecnologia-consumo/fuerza-aerea-ee-uu-despide-su-ultimo-ec-130h-compass-call-40-anos-guerra-electronica-ea-37b-asume-ahora-su-mision_202609256ab5d1c582932a3cf919e848.html,larazon.es,es,,2026-09-25T07:00:00Z,2026-10-07T07:28:56Z,panama,gdelt_doc,headline_metadata
art_10ef93c769be4970,Panamá crece 6 . 4 %: ¿ por qué no todos lo sienten ?,https://www.prensa.com/opinion/panama-crece-64-por-que-no-todos-lo-sienten/,prensa.com,es,,2026-09-25T07:15:00Z,2026-10-07T07:28:56Z,panama,gdelt_doc,headline_metadata
art_4e907b41e51bf242,Internado : vivir dentro del hospital,https://www.prensa.com/opinion/internado-vivir-dentro-del-hospital/,prensa.com,es,,2026-09-25T07:15:00Z,2026-10-07T07:28:56Z,panama,gdelt_doc,headline_metadata
art_5faa2918c3ddf7f7,"Bay , una historia con aroma a café",https://www.ultimahora.es/noticias/economico/2026/09/25/2715217/bay-historia-aroma-cafe.html,ultimahora.es,es,2026-09-25T00:00:00Z,2026-09-25T07:15:00Z,2026-10-07T07:28:56Z,panama,gdelt_doc,headline_metadata
art_62a4f9b12959e211,Yaquis remontan en la novena y ganan a Naranjeros en Nogales,https://www.expreso.com.mx/accion/beisbol/yaquis-remontan-en-la-novena-y-ganan-a-naranjeros-en-nogales/265179,expreso.com.mx,es,,2026-09-25T07:15:00Z,2026-10-07T07:28:56Z,panama,gdelt_doc,headline_metadata
art_6e3d9b2e7b350ae7,La soledad acompañada,https://www.prensa.com/opinion/la-soledad-acompanada/,prensa.com,es,,2026-09-25T07:15:00Z,2026-10-07T07:28:56Z,panama,gdelt_doc,headline_metadata
art_9bc9b94c2b8b4881,Hace 49 años,https://www.prensa.com/opinion/hace-49-anos/,prensa.com,es,,2026-09-25T07:15:00Z,2026-10-07T07:28:56Z,panama,gdelt_doc,headline_metadata
art_9e50a1f0921fd76b,¿ Qué se celebra hoy en el mundo ? Efemérides del 25 de septiembre hechos y conmemoraciones de esta fecha,https://acento.com.do/actualidad/que-se-celebra-hoy-en-el-mundo-efemerides-del-25-de-septiembre-hechos-y-conmemoraciones-de-esta-fecha-9758899.html,acento.com.do,es,,2026-09-25T07:15:00Z,2026-10-07T07:28:56Z,panama,gdelt_doc,headline_metadata
art_b33b36c66b0dc8b9,Proyecto de ley que dicta el presupuesto del Canal de Panamá pasa a tercer debate,https://www.telemetro.com/nacionales/proyecto-ley-que-dicta-el-presupuesto-del-canal-panama-pasa-tercer-debate-n6092955,telemetro.com,es,,2026-09-25T07:15:00Z,2026-10-07T07:28:56Z,panama,gdelt_doc,headline_metadata
art_d02481fa6512d366,Agenda de la semana : actividades que habrá en Panamá,https://www.prensa.com/vivir/agenda-de-la-semana-actividades-que-habra-en-panama/,prensa.com,es,,2026-09-25T07:15:00Z,2026-10-07T07:28:56Z,panama,gdelt_doc,headline_metadata
art_d4c34f26dfb37988,Apostasía | La Prensa Panamá,https://www.prensa.com/opinion/apostasia/,prensa.com,es,,2026-09-25T07:15:00Z,2026-10-07T07:28:56Z,panama,gdelt_doc,headline_metadata
art_f0ad4ff930a7c417,Tal cual del 25 de septiembre de 2026 | La Prensa Panamá,https://www.prensa.com/opinion/tal-cual-1162/,prensa.com,es,,2026-09-25T07:15:00Z,2026-10-07T07:28:56Z,panama,gdelt_doc,headline_metadata
art_03e0124724faac98,Magistrados afirman que cambios a reformas alteraron su esencia,https://www.panamaamerica.com.pa/politica/magistrados-afirman-que-cambios-reformas-alteraron-su-esencia-1266713,panamaamerica.com.pa,es,,2026-09-25T07:30:00Z,2026-10-07T07:28:56Z,panama,gdelt_doc,headline_metadata
art_909d567ae7fb323b,Dos exdirectivos de la DGI enfrentan prisión preventiva,https://www.panamaamerica.com.pa/judicial/dos-exdirectivos-de-la-dgi-enfrentan-prision-preventiva-1266706,panamaamerica.com.pa,es,,2026-09-25T07:30:00Z,2026-10-07T07:28:56Z,panama,gdelt_doc,headline_metadata
art_a27aa47f70001515,María Corina Machado podría regresar a Venezuela : esto se sabe sobre su situación migratoria,https://www.eluniversal.com.co/mundo/2026/09/24/maria-corina-machado-podria-regresar-a-venezuela-esto-se-sabe-sobre-su-situacion-migratoria/,eluniversal.com.co,es,2026-09-24T00:00:00Z,2026-09-25T07:30:00Z,2026-10-07T07:28:56Z,panama,gdelt_doc,headline_metadata
art_a388c9de90a7c75c,¿ A dónde vas Daniel Ortega ?,https://intoleranciadiario.com/blog/2026/09/25/1058262-a-donde-vas-daniel-ortega.html,intoleranciadiario.com,es,2026-09-25T00:00:00Z,2026-09-25T07:30:00Z,2026-10-07T07:28:56Z,panama,gdelt_doc,headline_metadata
art_26ce40acc5c5f60c,"Una reunión con Trump , un aviso que nunca llegó y la caída del canciller de Costa Rica",https://www.laestrella.com.pa/mundo/america/una-reunion-con-trump-un-aviso-que-nunca-llego-y-la-caida-del-canciller-de-costa-rica-MJ25970297,laestrella.com.pa,es,,2026-09-25T08:15:00Z,2026-10-07T07:28:56Z,panama,gdelt_doc,headline_metadata
art_8a0e22701226d5d3,Asamblea aprueba nueva configuración de los circuitos electorales,https://www.laestrella.com.pa/panama/politica/asamblea-aprueba-nueva-configuracion-de-los-circuitos-electorales-OJ25970439,laestrella.com.pa,es,,2026-09-25T08:15:00Z,2026-10-07T07:28:56Z,panama,gdelt_doc,headline_metadata
art_8b729f2b5fc9618c,Canal de Panamá evita nuevas restricciones y mantendrá 32 tránsitos hasta diciembre,https://www.laestrella.com.pa/economia/canal-de-panama-evita-nuevas-restricciones-y-mantendra-32-transitos-hasta-diciembre-FI25969491,laestrella.com.pa,es,,2026-09-25T08:15:00Z,2026-10-07T07:28:56Z,panama,gdelt_doc,headline_metadata
art_981b5725ddc0e5e0,¿ Se debe hablar sobre el intro de las canciones en pleno 2026 ?,https://radionotas.com/2026/09/25/se-debe-hablar-sobre-el-intro-de-las-canciones-en-pleno-2026/,radionotas.com,es,2026-09-25T00:00:00Z,2026-09-25T08:45:00Z,2026-10-07T07:28:56Z,panama,gdelt_doc,headline_metadata
art_acc7ada3a451d292,Delegados abandonaron la sala durante discurso del criminal de guerra Netanyahu en la ONU,https://www.tercerainformacion.es/articulo/internacional/25/09/2026/delegados-abandonaron-la-sala-durante-discurso-del-criminal-de-guerra-netanyahu-en-la-onu/,tercerainformacion.es,es,,2026-09-25T08:45:00Z,2026-10-07T07:28:56Z,panama,gdelt_doc,headline_metadata
art_d57138da938ff694,El juez del caso Plus Ultra deja en libertad al presunto epicentro de la trama y le retira el pasaporte tras negarse a declarar,https://www.abc.es/espana/juez-plus-ultra-deja-libertad-presunto-epicentro-20260925100522-nt.html,abc.es,es,,2026-09-25T08:45:00Z,2026-10-07T07:28:56Z,panama,gdelt_doc,headline_metadata
art_3fe7df72d87740b9,"Septiembre , donde los muertos se acumulan",https://kaosenlared.net/septiembre-donde-los-muertos-se-acumulan/,kaosenlared.net,es,,2026-09-25T09:15:00Z,2026-10-07T07:28:56Z,panama,gdelt_doc,headline_metadata
art_58727f537dcf0907,"Hyundai Truck & Bus lanza en Panamá su nueva Línea GT, con el respaldo de más de 20 años de Grupo Cincuentenario, en el marco de Expo CAPAC 2026",https://www.tvn-2.com/economia/empresas/publirreportajes/hyundai-truck-bus-lanza-panama_1_2262744.html,TVN Panamá,es,2026-09-25T16:09:48Z,,2026-10-07T08:14:36Z,,tvn_rss,headline_metadata
art_f5f0e584dd6b7f22,Panamá muestra su diversidad cultural como País Invitado de Honor en la FIL Santo Domingo 2026,https://www.tvn-2.com/economia/empresas/publirreportajes/panama-muestra-diversidad-cultural-pais_1_2262840.html,TVN Panamá,es,2026-09-25T22:09:21Z,,2026-10-07T08:14:36Z,,tvn_rss,headline_metadata
art_31f7e0a764b8898f,"Cerraron los Juegos Suramericanos Santa Fe 2026 , que fueron los más convocantes de la historia",https://www.cadena3.com/noticia/juegos-suramericanos/cerraron-los-juegos-suramericanos-santa-fe-2026-que-fueron-los-mas-convocantes-de-la-historia_597991,cadena3.com,es,,2026-09-27T00:15:00Z,2026-10-07T07:28:56Z,panama,gdelt_doc,headline_metadata
art_56fd707a27dd8717,Escudo de la Américas,https://www.corrienteshoy.com/opinion-del-lector/escudo-de-la-americas.htm,corrienteshoy.com,es,,2026-09-27T00:15:00Z,2026-10-07T07:28:56Z,panama,gdelt_doc,headline_metadata
art_11c5c35aa5d5e4b2,Virginia Tola : Nunca so que iba a cantar en un lugar como el que hicieron para los Juegos Suramericanos y que sea en mi provincia,https://sinmordaza.com/noticia/520093-virginia-tola-nunca-sone-que-iba-a-cantar-en-un-lugar-como-el-que-hicieron-para-los-juegos-suramericanos-y-que-sea-en-mi-provincia.html,sinmordaza.com,es,,2026-09-27T00:30:00Z,2026-10-07T07:28:56Z,panama,gdelt_doc,headline_metadata
art_40c4ba2698f6a91a,María Corina Machado lleva la transición venezolana a un punto sin retorno,https://www.abc.es/internacional/maria-corina-machado-lleva-transicion-venezolana-punto-20260925020422-nt.html,abc.es,es,,2026-09-27T00:30:00Z,2026-10-07T07:28:56Z,panama,gdelt_doc,headline_metadata
art_6b925e4c34b2d496,"Con el respaldo de Washington , Delcy Rodríguez sale del aislamiento diplomático y gana espacio en el tablero internacional",https://www.elobservador.com.uy/estados-unidos/america-latina/con-el-respaldo-washington-delcy-rodriguez-sale-del-aislamiento-diplomatico-y-gana-espacio-el-tablero-internacional-n6058397,elobservador.com.uy,es,,2026-09-27T00:30:00Z,2026-10-07T07:28:56Z,panama,gdelt_doc,headline_metadata
art_b8cb88badf9518e6,Alejandro Pérez cuestiona independencia de Rubén Blades y pide a Blandón no meterse en los asuntos de RM,https://www.panamaamerica.com.pa/politica/alejandro-perez-cuestiona-independencia-de-ruben-blades-y-pide-blandon-no-meterse-en-los,panamaamerica.com.pa,es,,2026-09-27T00:30:00Z,2026-10-07T07:28:56Z,panama,gdelt_doc,headline_metadata
art_5b743a47deeb0fdc,Mil hectáreas de pistacho a 2040 : la apuesta agro de los Del Río Arteaga,https://www.df.cl/df-mas/por-dentro/mil-hectareas-de-pistacho-a-2040-la-apuesta-agro-de-los-del-rio-arteaga,df.cl,es,,2026-09-27T01:00:00Z,2026-10-07T07:28:56Z,panama,gdelt_doc,headline_metadata
art_7dea5225e36748f7,Detienen en Panamá a tres dominicanos acusados de reclutar personas para guerra en Ucrania,https://www.diaadia.com.pa/el-pais/detienen-en-panama-tres-dominicanos-acusados-de-reclutar-personas-para-guerra-en-ucrania,diaadia.com.pa,es,,2026-09-27T01:00:00Z,2026-10-07T07:28:56Z,panama,gdelt_doc,headline_metadata
art_9ec90905484a0c65,Ábrego pide apoyo ciudadano para combatir la delincuencia en Veracruz,https://www.diaadia.com.pa/el-pais/abrego-pide-apoyo-ciudadano-para-combatir-la-delincuencia-en-veracruz-791761,diaadia.com.pa,es,,2026-09-27T01:00:00Z,2026-10-07T07:28:56Z,panama,gdelt_doc,headline_metadata
art_c1cef6a41a379d91,"Así quedó el medallero de los Juegos Suramericanos Santa Fe 2026 , con Argentina en el segundo lugar",https://www.unosantafe.com.ar/ovacion/asi-quedo-el-medallero-los-juegos-suramericanos-santa-fe-2026-argentina-el-segundo-lugar-n10283415.html,unosantafe.com.ar,es,,2026-09-27T01:00:00Z,2026-10-07T07:28:56Z,panama,gdelt_doc,headline_metadata
art_d39253fe63a75a91,Jesús Pérez pone a Panamá en el Top 20 de Mr . International,https://www.diaadia.com.pa/fama/jesus-perez-pone-panama-en-el-top-20-de-mr-international-791760,diaadia.com.pa,es,,2026-09-27T01:00:00Z,2026-10-07T07:28:56Z,panama,gdelt_doc,headline_metadata
art_f788ee71cddb7d57,Argentina y una gran cosecha,https://www.eldiariodelapampa.com.ar/deportes/80826/argentina-y-una-gran-cosecha,eldiariodelapampa.com.ar,es,,2026-09-27T02:30:00Z,2026-10-07T07:28:56Z,panama,gdelt_doc,headline_metadata
art_834e566ab9d558bd,500 kilos de pulpo y 72 litros de aceite viajaron de O Carballiño a Cuba en 1991,https://www.lavozdegalicia.es/noticia/ourense/2026/09/27/500-kilos-pulpo-72-litros-aceite-viajaron-carballino-cuba/0003_202609O27C2993.htm,lavozdegalicia.es,es,2026-09-27T00:00:00Z,2026-09-27T04:00:00Z,2026-10-07T07:28:56Z,panama,gdelt_doc,headline_metadata
art_74a69fb6943c985a,Los cuatro pasos marítimos que tienen al mundo en vilo,https://elpais.com/internacional/2026-09-27/los-cuatro-pasos-maritimos-que-tienen-al-mundo-en-vilo.html,elpais.com,es,2026-09-27T00:00:00Z,2026-09-27T05:00:00Z,2026-10-07T07:28:56Z,panama,gdelt_doc,headline_metadata
art_1b9227a98a4e0c28,"Dengue da un respiro en Panamá , aunque Metropolitana y Colón siguen bajo presión",https://www.midiario.com/nacionales/dengue-da-un-respiro-en-panama-aunque-metropolitana-y-colon-siguen-bajo-presion/,midiario.com,es,,2026-09-27T05:15:00Z,2026-10-07T07:28:56Z,panama,gdelt_doc,headline_metadata
art_1dbd7dc9965e8c29,Santa Fe despidió los Juegos Suramericanos con una fiesta multitudinaria :: Diario Pregon de Jujuy,https://www.pregon.com.ar/nota/-72720/2026/09/santa-fe-despidio-los-juegos-suramericanos-con-una-fiesta-multitudinaria,pregon.com.ar,es,,2026-09-27T05:15:00Z,2026-10-07T07:28:56Z,panama,gdelt_doc,headline_metadata
art_898fc26a51256c79,Thomas Christiansen aprieta el paso y Panamá ya piensa en el Kirin Cup,https://www.midiario.com/deportivas/thomas-christiansen-aprieta-el-paso-y-panama-ya-piensa-en-el-kirin-cup/,midiario.com,es,,2026-09-27T05:15:00Z,2026-10-07T07:28:56Z,panama,gdelt_doc,headline_metadata
art_7da6f422b191f1d1,Antigua GFC por retornar a cima del Apertura del fútbol de Guatemala,https://www.prensa-latina.cu/2026/09/27/antigua-gfc-por-retornar-a-cima-del-apertura-del-futbol-de-guatemala/,prensa-latina.cu,es,2026-09-27T00:00:00Z,2026-09-27T07:00:00Z,2026-10-07T07:28:56Z,panama,gdelt_doc,headline_metadata
art_d3a35f06a2289a02,"Trump y Delcy , buena sintonía en Nueva York",https://www.lavanguardia.com/internacional/20260927/11644621/trump-delcy-buena-sintonia-nueva-york.html,lavanguardia.com,es,2026-09-27T00:00:00Z,2026-09-27T07:30:00Z,2026-10-07T07:28:56Z,panama,gdelt_doc,headline_metadata
art_1a063945f8863c04,Peña articula acuerdo con Israel para salir de Corte Internacional,https://www.ultimahora.com/pena-articula-acuerdo-con-israel-para-salir-de-corte-internacional,ultimahora.com,es,,2026-09-27T07:45:00Z,2026-10-07T07:28:56Z,panama,gdelt_doc,headline_metadata
art_f4e5f4ed9426cdf0,VIDEO | De los guantes a la tabla : la hija de Fabián Assmann que va por el oro con apenas 14 años,https://www.agencianova.com/nova-deportes/2026/09/27/173077/video-de-los-guantes-a-la-tabla-la-hija-de-fabian-assmann-que-va-por-el-oro-con-apenas-14-anos/,agencianova.com,es,2026-09-27T00:00:00Z,2026-09-27T07:45:00Z,2026-10-07T07:28:56Z,panama,gdelt_doc,headline_metadata
art_f350de35cdd43fd9,El régimen de Venezuela libera a decenas de presos políticas tras nuevas negociaciones con parte de la oposición,https://www.lanacion.com.ar/el-mundo/el-regimen-de-venezuela-libera-a-decenas-de-presos-politicas-tras-nuevas-negociaciones-con-parte-de-nid26092026/,lanacion.com.ar,es,,2026-09-27T08:15:00Z,2026-10-07T07:28:56Z,panama,gdelt_doc,headline_metadata
art_070f6a99e2b4b88e,"Latin America Defense Monitor September 19 – 25 , 2026",https://www.riotimesonline.com/latin-america-defense-monitor-september-19-25-2026/,riotimesonline.com,en,,2026-09-27T10:30:00Z,2026-10-07T07:28:56Z,logistica,gdelt_doc,headline_metadata
art_10e38daa636dedb4,Panamá refuerza promoción turística en Argentina - Noticias Prensa Latina,https://www.prensa-latina.cu/2026/09/27/panama-refuerza-promocion-turistica-en-argentina/,prensa-latina.cu,es,2026-09-27T00:00:00Z,2026-09-27T10:30:00Z,2026-10-07T07:28:56Z,panama,gdelt_doc,headline_metadata
art_1f7c94a02224d358,Radiografía a la aplicación de los estados de excepción en América Latina,https://www.latercera.com/mundo/noticia/radiografia-a-la-aplicacion-de-los-estados-de-excepcion-en-america-latina/,latercera.com,es,,2026-09-27T10:30:00Z,2026-10-07T07:28:56Z,panama,gdelt_doc,headline_metadata
art_0036345355df214b,Costa Rica y Colombia refuerzan su cooperación contra el narcotráfico y el crimen transnacional,https://www.infodefensa.com/texto-diario/mostrar/6028866/presidentes-costa-rica-colombia-fortalecen-alianza-combatir-narcoterrorismo,infodefensa.com,es,,2026-09-27T10:45:00Z,2026-10-07T07:28:56Z,panama,gdelt_doc,headline_metadata
art_9078261042b46ad6,Luis Mejía otra vez determinante para la victoria de Nacional : qué debe pasar para que renueve contrato,https://www.elpais.com.uy/ovacion/futbol/luis-mejia-otra-vez-determinante-para-la-victoria-de-nacional-que-debe-pasar-para-que-renueve-contrato,elpais.com.uy,es,,2026-09-27T11:00:00Z,2026-10-07T07:28:56Z,panama,gdelt_doc,headline_metadata
art_bc76d1244f130144,"La viveza de Maxi Gómez , una muestra de eficacia y otras claves de la victoria de Nacional en Melo",https://www.elpais.com.uy/ovacion/futbol/la-viveza-de-maxi-gomez-una-muestra-de-eficacia-y-otras-claves-de-la-victoria-de-nacional-en-melo,elpais.com.uy,es,,2026-09-27T11:00:00Z,2026-10-07T07:28:56Z,panama,gdelt_doc,headline_metadata
art_401846b0ae4c68ac,"Así quedó el medallero de los Juegos Suramericanos Santa Fe 2026 , con Argentina en el segundo lugar",https://www.unoentrerios.com.ar/ovacion/asi-quedo-el-medallero-los-juegos-suramericanos-santa-fe-2026-argentina-el-segundo-lugar-n10283434.html,unoentrerios.com.ar,es,,2026-09-27T12:30:00Z,2026-10-07T07:28:56Z,panama,gdelt_doc,headline_metadata
art_24611564b940e76b,Guayaquil tiene muchísimo más : la oferta turística en la ciudad está atravesada por la inseguridad,https://www.expreso.ec/guayaquil/guayaquil-muchisimo-oferta-turistica-ciudad-atravesado-inseguridad-296999.html,expreso.ec,es,,2026-09-27T12:45:00Z,2026-10-07T07:28:56Z,panama,gdelt_doc,headline_metadata
art_0570a31ab54efba6,尼加拉瓜11 % 领土供中企采矿 助北京扩大影响力,https://www.chinapress.com.my/20260927/%E8%BF%99%E5%9B%BD11%EF%BC%85%E9%A2%86%E5%9C%9F-%E4%BE%9B%E9%87%87%E7%9F%BF-%E5%8A%A9%E5%8C%97%E4%BA%AC%E6%89%A9%E5%8C%BA%E5%9F%9F-%E5%BD%B1%E5%93%8D%E5%8A%9B/,chinapress.com.my,zh,2026-09-27T00:00:00Z,2026-09-27T13:00:00Z,2026-10-07T07:28:56Z,logistica,gdelt_doc,headline_metadata
art_2b4bbbefc0e1799c,Strongest Cities in Latin America and Africa 2026 Ranked,https://www.riotimesonline.com/strongest-cities-latin-america-africa-2026-global-rankings/,riotimesonline.com,en,,2026-09-27T14:00:00Z,2026-10-07T07:28:56Z,logistica,gdelt_doc,headline_metadata
art_2ce4c28acbdd2d78,Brazil Military Power Ranking and the Road to the Top 10,https://www.riotimesonline.com/brazil-global-firepower-rank-11-defence-outlook-2026/,riotimesonline.com,en,,2026-09-27T14:00:00Z,2026-10-07T07:28:56Z,logistica,gdelt_doc,headline_metadata
art_146da913d16f49af,Buque Escuela Esmeralda regresó a Valparaíso tras cinco meses,https://laprensaaustral.cl/2026/09/27/buque-escuela-esmeralda-regreso-a-valparaiso-tras-cinco-meses/,laprensaaustral.cl,es,2026-09-27T00:00:00Z,2026-09-27T14:45:00Z,2026-10-07T07:28:56Z,panama,gdelt_doc,headline_metadata
art_5838a88e68c4b831,Comercio : Más de 200 barcos de EE UU han entregado mercancía a Cuba este año,https://www.14ymedio.com/cuba/200-barcos-procedentes-ee-uu_1_1131194.html,14ymedio.com,es,,2026-09-27T14:45:00Z,2026-10-07T07:28:56Z,panama,gdelt_doc,headline_metadata
art_76074d6ab910d464,Escudo de las Américas y La Subordinocracia Latinoamericana,https://www.telesurtv.net/blogs/escudo-de-las-americas-y-la-subordinocracia-latinoamericana/,telesurtv.net,es,,2026-09-27T14:45:00Z,2026-10-07T07:28:56Z,panama,gdelt_doc,headline_metadata
art_a2bf7b024a0bb143,"El desafío no es solo tener agua , sino saber gestionarla",https://www.telesurtv.net/opinion/el-desafio-no-es-solo-tener-agua-sino-saber-gestionarla/,telesurtv.net,es,,2026-09-27T14:45:00Z,2026-10-07T07:28:56Z,panama,gdelt_doc,headline_metadata
art_ad290422acac797e,Más allá de los discursos : Los tres pilares para una verdadera soberanía en Magallanes y la Antártica,https://laprensaaustral.cl/2026/09/27/mas-alla-de-los-discursos-los-tres-pilares-para-una-verdadera-soberania-en-magallanes-y-la-antartica/,laprensaaustral.cl,es,2026-09-27T00:00:00Z,2026-09-27T14:45:00Z,2026-10-07T07:28:56Z,panama,gdelt_doc,headline_metadata
art_1d26954b9ffa8c2a,¿ Qué es la competitividad ?,https://www.panamaamerica.com.pa/opinion/que-es-la-competitividad-1266782,panamaamerica.com.pa,es,,2026-09-27T15:00:00Z,2026-10-07T07:28:56Z,panama,gdelt_doc,headline_metadata
art_32d750363768725d,Muere un hombre tras ser embestido por un toro durante el Festival de la Mejorana en Guararé,https://www.panamaamerica.com.pa/provincias/muere-un-hombre-tras-ser-embestido-por-un-toro-durante-el-festival-de-la-mejorana-en,panamaamerica.com.pa,es,,2026-09-27T15:00:00Z,2026-10-07T07:28:56Z,panama,gdelt_doc,headline_metadata
art_27235a737f51d7fa,10 engineering marvels you must see in your lifetime,https://www.aol.com/articles/10-engineering-marvels-must-see-120000000.html,aol.com,en,,2026-09-27T15:15:00Z,2026-10-07T07:28:56Z,logistica,gdelt_doc,headline_metadata
art_51a1e5f6c3fd49fa,"En Panamá : Detienen a tres dominicanos acusados de reclutar personas para guerra en Ucrania - Dominican Republic Post – Caribbean News , Business , Travel & Culture",https://dominicanrepublicpost.com/en-panama-detienen-a-tres-dominicanos-acusados-de-reclutar-personas-para-guerra-en-ucrania/,dominicanrepublicpost.com,es,,2026-09-27T15:15:00Z,2026-10-07T07:28:56Z,panama,gdelt_doc,headline_metadata
art_ad907adccd93c1a3,Haga deporte al aire libre este domingo 27 de septiembre y prográmate con las actividades de la Ciclovía de Bogotá – Radio Santa Fe 1070 a . m . Noticias de Colombia,https://www.radiosantafe.com/2026/09/27/haga-deporte-al-aire-libre-este-domingo-27-de-septiembre-y-programate-con-las-actividades-de-la-ciclovia-de-bogota/,radiosantafe.com,es,2026-09-27T00:00:00Z,2026-09-27T15:15:00Z,2026-10-07T07:28:56Z,panama,gdelt_doc,headline_metadata
art_db4c00bac2e28d7d,Viaja Seguro a Manabí : 6 Rutas Peligrosas a Evitar,https://www.eldiario.ec/manabi/viajas-a-manabi-estas-son-las-6-rutas-que-debes-evitar-hoy-por-peligrosos-deslaves-27092026/,eldiario.ec,es,,2026-09-27T15:15:00Z,2026-10-07T07:28:56Z,panama,gdelt_doc,headline_metadata
art_453a9aefd7e26544,Tenis inspirados en José José y su álbum Secretos – Publimetro México,https://www.publimetro.com.mx/plus/2026/09/27/jose-jose-ahora-se-lleva-en-los-pies-estos-son-los-tenis-inspirados-en-su-album-secretos/,publimetro.com.mx,es,2026-09-27T00:00:00Z,2026-09-27T15:30:00Z,2026-10-07T07:28:56Z,panama,gdelt_doc,headline_metadata
art_68520e3f3924ace0,Pirámide de Chakatín : números del sorteo dominical del 27 de septiembre de 2026,https://www.telemetro.com/entretenimiento/piramide-chakatin-numeros-del-sorteo-dominical-del-27-septiembre-2026-n6093160,telemetro.com,es,,2026-09-27T15:30:00Z,2026-10-07T07:28:56Z,panama,gdelt_doc,headline_metadata
art_d55fdd50d578b5ab,En Panamá : Detienen a tres dominicanos acusados de reclutar personas para guerra en Ucrania,https://listindiario.com/las-mundiales/20260927/panama-detienen-tres-dominicanos-acusados-reclutar-personas-guerra-ucrania_923860.html,listindiario.com,es,2026-09-27T00:00:00Z,2026-09-27T15:30:00Z,2026-10-07T07:28:56Z,panama,gdelt_doc,headline_metadata
art_38c7285a3e0ee774,La Nación / Confirman visita apostólica del papa León XIV a la Argentina . Gran expectativa,https://www.lanacion.com.py/columnistas/2026/09/27/confirman-visita-apostolica-del-papa-leon-xiv-a-la-argentina-gran-expectativa/,lanacion.com.py,es,2026-09-27T00:00:00Z,2026-09-27T15:45:00Z,2026-10-07T07:28:56Z,panama,gdelt_doc,headline_metadata
art_48a2e5f2a7bd13a6,Panamá ordena detención provisional de tres dominicanos acusados de reclutar personas para Rusia,https://barrigaverde.net/panama-ordena-detencion-provisional-de-tres-dominicanos-acusados-de-reclutar-personas-para-rusia/,barrigaverde.net,es,,2026-09-27T15:45:00Z,2026-10-07T07:28:56Z,panama,gdelt_doc,headline_metadata
art_97e04d0f4aa4c7b2,¡ Atención conductores ! Estas vías tendrán cierres nocturnos por trabajos del Cuarto Puente,https://www.telemetro.com/nacionales/atencion-conductores-estas-vias-tendran-cierres-nocturnos-trabajos-del-cuarto-puente-n6093155,telemetro.com,es,,2026-09-27T15:45:00Z,2026-10-07T07:28:56Z,panama,gdelt_doc,headline_metadata
art_accb602aeb89ea61,Guerra en Ucrania : ordenan detención provisional de tres dominicanos por presunto reclutamiento,https://www.telemetro.com/nacionales/guerra-ucrania-ordenan-detencion-provisional-tres-dominicanos-presunto-reclutamiento-n6093152,telemetro.com,es,,2026-09-27T15:45:00Z,2026-10-07T07:28:56Z,panama,gdelt_doc,headline_metadata
art_c912bb495e976405,La Nación / El tiempo no perdona : Nadia Ferreira sacudió sus redes con estas fotos inéditas,https://www.lanacion.com.py/lnpop/2026/09/27/el-tiempo-no-perdona-nadia-ferreira-sacudio-sus-redes-con-estas-fotos-ineditas/,lanacion.com.py,es,2026-09-27T00:00:00Z,2026-09-27T15:45:00Z,2026-10-07T07:28:56Z,panama,gdelt_doc,headline_metadata
art_50b0c3dfa0f71d93,Estas son las películas y cinefórums de la Cinemateca en la Feria del Libro,https://hoy.com.do/vivir/alegria/cine/son-peliculas-cineforums-cinemateca-feria-libro_1103707.html,hoy.com.do,es,,2026-09-27T16:15:00Z,2026-10-07T07:28:56Z,panama,gdelt_doc,headline_metadata
art_f92cab4056838133,Milei habría donado un millón de dólares a organizaciones que apoyan a Netanyahu,http://www.laarena.com.ar/el-pais/milei-habria-donado-un-millon-de-dolares-a-organizaciones-que-apoyan-a-netanyahu-202692711500,laarena.com.ar,es,,2026-09-27T17:00:00Z,2026-10-07T07:28:56Z,panama,gdelt_doc,headline_metadata
art_0193d30507061a0f,Gremios empresariales piden corregir el rumbo de las reformas electorales,https://www.laestrella.com.pa/panama/nacional/gremios-empresariales-piden-corregir-el-rumbo-de-las-reformas-electorales-AG26021504,laestrella.com.pa,es,,2026-09-27T17:15:00Z,2026-10-07T07:28:56Z,panama,gdelt_doc,headline_metadata
art_1bb4e9e0d3c80e37,Policía detiene baile de Alfredo Escudero en Guararé y provoca molestias,https://www.critica.com.pa/nacional/policia-detiene-baile-de-alfredo-escudero-en-guarare-y-provoca-molestias-517071,critica.com.pa,es,,2026-09-27T17:15:00Z,2026-10-07T07:28:56Z,panama,gdelt_doc,headline_metadata
art_3b4ab93fe28ff192,Ciudadano queda hospitalizado tras ser embestido por un toro en el Festival de la Mejorana,https://www.laestrella.com.pa/panama/nacional/ciudadano-queda-hospitalizado-tras-ser-embestido-por-un-toro-en-el-festival-de-la-mejorana-GG26022136,laestrella.com.pa,es,,2026-09-27T17:15:00Z,2026-10-07T07:28:56Z,panama,gdelt_doc,headline_metadata
art_76883b4b4c7385a0,"El presidente de Corea del Sur , Lee Jae - myung , comió tacos norteños en Los Atarantados .",https://www.eleconomista.com.mx/bistronomie/presidente-corea-sur-lee-jae-myung-comio-tacos-nortenos-atarantados-20260927-835504.html,eleconomista.com.mx,es,2026-09-27T00:00:00Z,2026-09-27T17:15:00Z,2026-10-07T07:28:56Z,panama,gdelt_doc,headline_metadata
art_bfe37070bc291671,Estudiantes de Ciencias Agropecuarias aplican técnicas en fincas de Colón,https://www.critica.com.pa/nacional/estudiantes-de-ciencias-agropecuarias-aplican-tecnicas-en-fincas-de-colon-517070,critica.com.pa,es,,2026-09-27T17:15:00Z,2026-10-07T07:28:56Z,panama,gdelt_doc,headline_metadata
art_d8ff1b637969b15a,"Influenza cobra 63 vidas y el dengue se dispara : ya suma 8 , 060 casos",https://www.critica.com.pa/nacional/influenza-cobra-63-vidas-y-el-dengue-se-dispara-ya-suma-8060-casos-517073,critica.com.pa,es,,2026-09-27T17:15:00Z,2026-10-07T07:28:56Z,panama,gdelt_doc,headline_metadata
art_e2cb012a6ac6054c,Trabajos en Monte Esperanza afectan suministro de agua potable,https://www.critica.com.pa/nacional/trabajos-en-monte-esperanza-afectan-suministro-de-agua-potable-517069,critica.com.pa,es,,2026-09-27T17:15:00Z,2026-10-07T07:28:56Z,panama,gdelt_doc,headline_metadata
art_fb7a253ac2941cf1,"Anyuri le dedica plena a las amantes : Espíritu de Shelsy , roba maridos",https://www.critica.com.pa/show/anyuri-le-dedica-plena-las-amantes-espiritu-de-shelsy-roba-maridos-517076,critica.com.pa,es,,2026-09-27T17:15:00Z,2026-10-07T07:28:56Z,panama,gdelt_doc,headline_metadata
art_0a1d0d773c1caa03,Urgen recolectores de café : Más del 50 % de quienes recogen el grano provienen del extranjero - Monumental,https://www.monumental.co.cr/2026/09/27/urgen-recolectores-de-cafe-mas-del-50-de-quienes-recogen-el-grano-provienen-del-extranjero/,monumental.co.cr,es,2026-09-27T00:00:00Z,2026-09-27T17:45:00Z,2026-10-07T07:28:56Z,panama,gdelt_doc,headline_metadata
art_145235471542ec54,"Robbie Williams se presenta este domingo en Chile : horario , accesos y todo lo que debes saber del show | Artes y Cultura",https://www.biobiochile.cl/noticias/artes-y-cultura/musica/2026/09/27/robbie-williams-se-presenta-este-domingo-en-chile-horario-accesos-y-todo-lo-que-debes-saber-del-show.shtml,biobiochile.cl,es,2026-09-27T00:00:00Z,2026-09-27T17:45:00Z,2026-10-07T07:28:56Z,panama,gdelt_doc,headline_metadata
art_39b0b889f687abef,Selección de Panamá : Eduardo Anderson y Tomás Rodríguez destacan nivel de Nueva Zelanda,https://www.rpctv.com/marea-roja/seleccion-panama-eduardo-anderson-y-tomas-rodriguez-destacan-nivel-nueva-zelanda-n6093165,rpctv.com,es,,2026-09-27T17:45:00Z,2026-10-07T07:28:56Z,panama,gdelt_doc,headline_metadata
art_5eb9ae6618a81f2e,Estados Unidos está moviendo su frontera al sur,https://internacionales.nexos.com.mx/estados-unidos-esta-moviendo-su-frontera-al-sur/,internacionales.nexos.com.mx,es,,2026-09-27T17:45:00Z,2026-10-07T07:28:56Z,panama,gdelt_doc,headline_metadata
art_72406ed03af9ba35,Machado insiste en elecciones libres y agradece a Panamá por acogerla,https://laverdad.com/machado-insiste-en-elecciones-libres-y-agradece-a-panama-por-acogerla/,laverdad.com,es,,2026-09-27T17:45:00Z,2026-10-07T07:28:56Z,panama,gdelt_doc,headline_metadata
art_60c8276e0741934a,¡ Las Tablas se lleva el Gelo Córdoba ! Sebastián Batista gana el oro,https://www.critica.com.pa/nacional/las-tablas-se-lleva-el-gelo-cordoba-sebastian-batista-gana-el-oro-517079,critica.com.pa,es,,2026-09-27T18:30:00Z,2026-10-07T07:28:56Z,panama,gdelt_doc,headline_metadata
art_869ba00bb231e93b,APEDE cuestiona reformas electorales y pide no imponer posiciones,https://www.critica.com.pa/nacional/apede-cuestiona-reformas-electorales-y-pide-no-imponer-posiciones-517082,critica.com.pa,es,,2026-09-27T18:30:00Z,2026-10-07T07:28:56Z,panama,gdelt_doc,headline_metadata
art_933761141b7362b7,Mujer muere en ataque sicarial dirigido a hombre ; él sobrevivió,https://www.critica.com.pa/sucesos/mujer-muere-en-ataque-sicarial-dirigido-hombre-el-sobrevivio-517083,critica.com.pa,es,,2026-09-27T18:30:00Z,2026-10-07T07:28:56Z,panama,gdelt_doc,headline_metadata
art_c23b915a4e0b9ac7,Arraiján solicita toque de queda en Veracruz desde el 14 de septiembre,https://www.critica.com.pa/sucesos/arraijan-solicita-toque-de-queda-en-veracruz-desde-el-14-de-septiembre-517085,critica.com.pa,es,,2026-09-27T18:30:00Z,2026-10-07T07:28:56Z,panama,gdelt_doc,headline_metadata
art_f46824fa6fd1b985,El caso de tres dominicanos acusados de trata en Panamá,https://www.diariolibre.com/usa/actualidad/2026/09/27/el-caso-de-tres-dominicanos-acusados-de-trata-en-panama/3671579,diariolibre.com,es,2026-09-27T00:00:00Z,2026-09-27T18:30:00Z,2026-10-07T07:28:56Z,panama,gdelt_doc,headline_metadata
art_324f55b1f2294b7a,Panameño Daniel Espino y su año de debut con Cleveland como campeón divisional,https://www.prensa.com/deportes/panameno-daniel-espino-y-su-ano-de-debut-con-cleveland-como-campeon-divisional/,prensa.com,es,,2026-09-27T19:00:00Z,2026-10-07T07:28:56Z,panama,gdelt_doc,headline_metadata
art_361214a7db89960c,Una pareja de pandas llega al zoo de Atlanta tras la cumbre de Trump y Xi,https://www.prensa.com/mundo/una-pareja-de-pandas-llega-al-zoo-de-atlanta-tras-la-cumbre-de-trump-y-xi/,prensa.com,es,,2026-09-27T19:00:00Z,2026-10-07T07:28:56Z,panama,gdelt_doc,headline_metadata
art_d5234ba4bedd9206,"Bay , una historia con aroma a café",https://www.menorca.info/balears/economico/2026/09/25/2715217/bay-historia-aroma-cafe.html,menorca.info,es,2026-09-25T00:00:00Z,2026-09-27T19:00:00Z,2026-10-07T07:28:56Z,panama,gdelt_doc,headline_metadata
art_f152538470f75747,Panamá pone la mira en Nueva Zelanda tras cerrar su preparación en India,https://www.prensa.com/deportes/panama-pone-la-mira-en-nueva-zelanda-tras-cerrar-su-preparacion-en-india/,prensa.com,es,,2026-09-27T19:00:00Z,2026-10-07T07:28:56Z,panama,gdelt_doc,headline_metadata
art_358bfe3a8c2b2de4,Apede pide revisar en segundo debate las reformas al Código Electoral,https://www.midiario.com/nacionales/apede-pide-revisar-en-segundo-debate-las-reformas-al-codigo-electoral/,midiario.com,es,,2026-09-27T19:45:00Z,2026-10-07T07:28:56Z,panama,gdelt_doc,headline_metadata
art_552e36f87361aeac,La minería destaca su aporte a la infraestructura nacional,https://www.panamaamerica.com.pa/economia/la-mineria-destaca-su-aporte-la-infraestructura-nacional-1266788,panamaamerica.com.pa,es,,2026-09-27T19:45:00Z,2026-10-07T07:28:56Z,panama,gdelt_doc,headline_metadata
art_6a289abb5c1f8c16,IMA anuncia Agroferias para este lunes 28 y martes 29 de septiembre,https://www.midiario.com/nacionales/ima-anuncia-agroferias-para-este-lunes-28-y-martes-29-de-septiembre/,midiario.com,es,,2026-09-27T19:45:00Z,2026-10-07T07:28:56Z,panama,gdelt_doc,headline_metadata
art_72b3123b60e5d923,La bandera de Panamá llegó a 6 mil 263 metros : el cabo que llegó a la cima del Chimborazo,https://www.midiario.com/nacionales/la-bandera-de-panama-llego-a-6-mil-263-metros-el-cabo-que-llego-a-la-cima-del-chimborazo/,midiario.com,es,,2026-09-27T19:45:00Z,2026-10-07T07:28:56Z,panama,gdelt_doc,headline_metadata
art_2ce6803db8448226,República Dominicana convoca a más de 20 países para encuentro regional de gobierno digital,https://listindiario.com/la-republica/20260927/republica-dominicana-convoca-mas-20-paises-encuentro-regional-gobierno-digital_923892.html,listindiario.com,es,2026-09-27T00:00:00Z,2026-09-27T20:00:00Z,2026-10-07T07:28:56Z,panama,gdelt_doc,headline_metadata
art_473703b1c0d73909,Guatemala está en el Club de los seis meses de EE . UU .: ¿ qué significa para los viajeros ?,https://lahora.gt/nacionales/aavila/2026/09/27/guatemala-esta-en-el-club-de-los-seis-meses-de-ee-uu-que-significa-para-los-viajeros-now/,lahora.gt,es,2026-09-27T00:00:00Z,2026-09-27T20:00:00Z,2026-10-07T07:28:56Z,panama,gdelt_doc,headline_metadata
art_a4a834647e6d484e,Protestan en Venezuela para exigir elecciones y regreso seguro de María Corina Machado | Internacional | Noticias,https://www.eluniverso.com/noticias/internacional/protestan-en-venezuela-para-exigir-elecciones-y-regreso-seguro-de-maria-corina-machado-nota/,eluniverso.com,es,,2026-09-27T20:00:00Z,2026-10-07T07:28:56Z,panama,gdelt_doc,headline_metadata
art_00d00c8e45a2e90d,Migración impide ingreso a Panamá de extranjero con antecedentes por delitos contra una menor,https://www.telemetro.com/nacionales/migracion-impide-ingreso-panama-extranjero-antecedentes-delitos-contra-una-menor-n6093176,telemetro.com,es,,2026-09-27T20:15:00Z,2026-10-07T07:28:56Z,panama,gdelt_doc,headline_metadata
art_5e47b44858ebcbab,¡ Atención ! SINAPROC advierte que lluvias y tormentas continuarán esta tarde,https://www.telemetro.com/nacionales/atencion-sinaproc-advierte-que-lluvias-y-tormentas-continuaran-esta-tarde-n6093180,telemetro.com,es,,2026-09-27T20:15:00Z,2026-10-07T07:28:56Z,panama,gdelt_doc,headline_metadata
art_6ae85a32a240e292,"Dijo cuánto dinero llevaba , pero una revisión de Aduanas encontró $500 adicional",https://www.telemetro.com/nacionales/dijo-cuanto-dinero-llevaba-pero-una-revision-aduanas-encontro-500-adicional-n6093178,telemetro.com,es,,2026-09-27T20:15:00Z,2026-10-07T07:28:56Z,panama,gdelt_doc,headline_metadata
art_932abd6bc9b1a2c1,Caravanas opositoras exigen permitir el retorno de María Corina Machado,https://talcualdigital.com/caravanas-opositoras-exigen-permitir-el-retorno-de-maria-corina-machado/,talcualdigital.com,es,,2026-09-27T20:15:00Z,2026-10-07T07:28:56Z,panama,gdelt_doc,headline_metadata
art_0bc8faa8d9fae306,Sydney Harbour to Antarctica : 10 ultimate cruise moments | The Northern Daily Leader,https://www.northerndailyleader.com.au/story/9349631/sydney-harbour-to-antarctica-10-ultimate-cruise-moments/,northerndailyleader.com.au,en,,2026-09-27T21:15:00Z,2026-10-07T07:28:56Z,logistica,gdelt_doc,headline_metadata
art_0cf4651bf413e0d7,Sydney Harbour to Antarctica : 10 ultimate cruise moments | Tenterfield Star,https://www.tenterfieldstar.com.au/story/9349631/sydney-harbour-to-antarctica-10-ultimate-cruise-moments/,tenterfieldstar.com.au,en,,2026-09-27T21:15:00Z,2026-10-07T07:28:56Z,logistica,gdelt_doc,headline_metadata
art_8576e623e9f9a1d4,Venezuela libera a 39 presos políticos tras el segundo ciclo de diálogo entre el Gobierno y la oposición,https://larepublica.pe/mundo/2026/09/27/venezuela-libera-a-39-presos-politicos-tras-el-segundo-ciclo-de-dialogo-entre-el-gobierno-y-la-oposicion-1065960,larepublica.pe,es,2026-09-27T00:00:00Z,2026-09-27T21:15:00Z,2026-10-07T07:28:56Z,panama,gdelt_doc,headline_metadata
art_9691a3326315f04c,Simuladores y robótica : la tecnología se abre paso en la Feria del Libro Santo Domingo 2026,https://hoy.com.do/el-pais/simuladores-robotica-tecnologia-abre-paso-feria-libro-santo-domingo-2026_1103716.html,hoy.com.do,es,,2026-09-27T21:15:00Z,2026-10-07T07:28:56Z,panama,gdelt_doc,headline_metadata
art_17eeb23980b1d846,Sydney Harbour to Antarctica : 10 ultimate cruise moments | Newcastle Herald,https://www.newcastleherald.com.au/story/9349631/sydney-harbour-to-antarctica-10-ultimate-cruise-moments/,newcastleherald.com.au,en,,2026-09-27T21:45:00Z,2026-10-07T07:28:56Z,logistica,gdelt_doc,headline_metadata
art_5f8335fc8c48ab3a,Sydney Harbour to Antarctica : 10 ultimate cruise moments | Southern Cross,https://www.juneesoutherncross.com.au/story/9349631/sydney-harbour-to-antarctica-10-ultimate-cruise-moments/,juneesoutherncross.com.au,en,,2026-09-27T21:45:00Z,2026-10-07T07:28:56Z,logistica,gdelt_doc,headline_metadata
art_72498cfc5980f84f,Trump afirma que habló con Delcy Rodríguez sobre elecciones y dice que fue « fantástica »,https://confirmado.com.ve/trump-afirma-que-hablo-con-delcy-rodriguez-sobre-elecciones-y-dice-que-fue-fantastica/,confirmado.com.ve,es,,2026-09-27T21:45:00Z,2026-10-07T07:28:56Z,panama,gdelt_doc,headline_metadata
art_87031c2676353dab,Otra imprudencia de una firma contratista afecta el suministro de agua en Sincelejo,https://www.elheraldo.co/colombia/2026/09/27/otra-imprudencia-de-una-firma-contratista-afecta-el-suministro-de-agua-en-sincelejo/,elheraldo.co,es,2026-09-27T00:00:00Z,2026-09-27T21:45:00Z,2026-10-07T07:28:56Z,panama,gdelt_doc,headline_metadata
art_887d8267908f5ddd,Hombre es asesinado dentro de un automóvil en Río Hato,https://www.critica.com.pa/sucesos/hombre-es-asesinado-dentro-de-un-automovil-en-rio-hato-517099,critica.com.pa,es,,2026-09-27T21:45:00Z,2026-10-07T07:28:56Z,panama,gdelt_doc,headline_metadata
art_ed266ecdd16c98f7,¡ Ojo con ese palo de agua ! Hay alerta por inundaciones y deslizamientos,https://www.critica.com.pa/nacional/ojo-con-ese-palo-de-agua-hay-alerta-por-inundaciones-y-deslizamientos-517096,critica.com.pa,es,,2026-09-27T21:45:00Z,2026-10-07T07:28:56Z,panama,gdelt_doc,headline_metadata
art_cc0c7104f1863ef8,"El sueño americano del trabajador Brandon McNulty , que gana el Mundial en Montreal",https://elpais.com/deportes/ciclismo/2026-09-27/el-sueno-americano-del-trabajador-brandon-mcnulty-que-gana-el-mundial-en-montreal.html,elpais.com,es,2026-09-27T00:00:00Z,2026-09-27T22:30:00Z,2026-10-07T07:28:56Z,panama,gdelt_doc,headline_metadata
art_1200299af30cb69b,Sydney Harbour to Antarctica : 10 ultimate cruise moments | Glen Innes Examiner,https://www.gleninnesexaminer.com.au/story/9349631/sydney-harbour-to-antarctica-10-ultimate-cruise-moments/,gleninnesexaminer.com.au,en,,2026-09-28T01:00:00Z,2026-10-07T07:28:56Z,logistica,gdelt_doc,headline_metadata
art_29c94663d4f4662e,Sydney Harbour to Antarctica : 10 ultimate cruise moments | Harden Murrumburrah Express,https://www.hardenexpress.com.au/story/9349631/sydney-harbour-to-antarctica-10-ultimate-cruise-moments/,hardenexpress.com.au,en,,2026-09-28T01:00:00Z,2026-10-07T07:28:56Z,logistica,gdelt_doc,headline_metadata
art_2ac26b0af5bd6654,Lima inicia cuenta regresiva a 300 días de los Panamericanos 2027 » Crónica Viva,https://www.cronicaviva.com.pe/lima-inicia-cuenta-regresiva-a-300-dias-de-los-panamericanos-2027/,cronicaviva.com.pe,es,,2026-09-28T01:00:00Z,2026-10-07T07:28:56Z,panama,gdelt_doc,headline_metadata
art_47e64673eb3012b8,Sydney Harbour to Antarctica : 10 ultimate cruise moments | The Standard,https://www.standard.net.au/story/9349631/sydney-harbour-to-antarctica-10-ultimate-cruise-moments/,standard.net.au,en,,2026-09-28T01:00:00Z,2026-10-07T07:28:56Z,logistica,gdelt_doc,headline_metadata
art_507abb7b4bc368e3,"MiAmbiente : más de 3 , 000 voluntarios salen a limpiar playas y ríos de Panamá",https://www.telemetro.com/nacionales/miambiente-mas-3000-voluntarios-salen-limpiar-playas-y-rios-panama-n6093197,telemetro.com,es,,2026-09-28T01:00:00Z,2026-10-07T07:28:56Z,panama,gdelt_doc,headline_metadata
art_a6ebbb5c46c9be69,Japón vs . Venezuela : a qué hora y dónde ver EN VIVO el amistoso internacional,https://www.eluniverso.com/deportes/futbol/japon-vs-venezuela-a-que-hora-y-donde-ver-en-vivo-el-amistoso-internacional-nota/,eluniverso.com,es,,2026-09-28T01:00:00Z,2026-10-07T07:28:56Z,panama,gdelt_doc,headline_metadata
art_4bc3bf3e7f4f44d2,"El Festival Internacional de Jazz San Diego - Tijuana celebrará su tercera edición con cuatro conciertos , tres de ellos gratuitos",https://www.sandiegouniontribune.com/2026/09/27/el-festival-internacional-de-jazz-san-diego-tijuana-celebrara-su-tercera-edicion-con-cuatro-conciertos-tres-de-ellos-gratuitos/,sandiegouniontribune.com,es,2026-09-27T00:00:00Z,2026-09-28T01:30:00Z,2026-10-07T07:28:56Z,panama,gdelt_doc,headline_metadata
art_9d0b888d8ec6e526,Estoy enfadado contigo : el comentario de Isaac Rovira a Rose Davis en MQB,https://www.teletica.com/mira-quien-baila/estoy-enfadado-contigo-el-comentario-de-isaac-rovira-a-rose-davis-en-mqb_418112,teletica.com,es,,2026-09-28T02:45:00Z,2026-10-07T07:28:56Z,panama,gdelt_doc,headline_metadata
art_a12b4a592eb30218,¡ Están vivos ! Panamá localiza a tres pescadores ticos desaparecidos hace días,https://www.teletica.com/sucesos/estan-vivos-panama-localiza-a-tres-pescadores-ticos-desaparecidos-hace-dias_418093,teletica.com,es,,2026-09-28T02:45:00Z,2026-10-07T07:28:56Z,panama,gdelt_doc,headline_metadata
art_41f803ea339ca0b3,Los brazos del Escudo de las Américas en ...,https://panamericana.pe/panorama/locales/474941-brazos-escudo-americas-accion-varios-paises-entrenan-juntos-guerra-crimen,panamericana.pe,es,,2026-09-28T04:15:00Z,2026-10-07T07:28:56Z,panama,gdelt_doc,headline_metadata
art_5c6d2cfa258f23fe,La burla de las reformas electorales,https://www.prensa.com/opinion/la-burla-de-las-reformas-electorales/,prensa.com,es,,2026-09-28T04:30:00Z,2026-10-07T07:28:56Z,panama,gdelt_doc,headline_metadata
art_81f8888f78b63f7f,"ANALYSIS : $14 / mt Separates the Best and Worst Singapore Bunker Suppliers on the Cost of Doing Business , Fuelsure Data Shows",https://shipandbunker.com/news/world/818979-analysis-14mt-separates-the-best-and-worst-singapore-bunker-suppliers-on-the-cost-of-doing-business-fuelsure-data-shows,shipandbunker.com,en,,2026-09-28T04:30:00Z,2026-10-07T07:28:56Z,logistica,gdelt_doc,headline_metadata
art_940fe59c5a4da3a3,La suerte está echada,https://www.prensa.com/opinion/la-suerte-esta-echada/,prensa.com,es,,2026-09-28T04:30:00Z,2026-10-07T07:28:56Z,panama,gdelt_doc,headline_metadata
art_bcc88d989c8620c8,"2 , 643 horas : la carga invisible de la burocracia en Panamá",https://www.prensa.com/opinion/2643-horas-la-carga-invisible-de-la-burocracia-en-panama/,prensa.com,es,,2026-09-28T04:30:00Z,2026-10-07T07:28:56Z,panama,gdelt_doc,headline_metadata
art_4ccbbc4efbdf2e69,DP World advierte que la resiliencia del comercio marítimo dependerá de redes más conectadas,https://www.mundomaritimo.cl/noticias/dp-world-advierte-que-la-resiliencia-del-comercio-maritimo-dependera-de-redes-mas-conectadas,mundomaritimo.cl,es,,2026-09-28T05:00:00Z,2026-10-07T07:28:56Z,panama,gdelt_doc,headline_metadata
art_4f4a13c57bae202a,"Brasil , Argentina y Colombia , en el podio - Diario El Sureño",https://www.surenio.com.ar/brasil-argentina-y-colombia-en-el-podio/,surenio.com.ar,es,,2026-09-28T05:00:00Z,2026-10-07T07:28:56Z,panama,gdelt_doc,headline_metadata
art_a840b5ca8cd9ab42,Exparejas de Fito se enfrentan en la cárcel La Roca,https://www.eldiario.ec/seguridad/dos-de-las-exparejas-de-alias-fito-se-encontraran-en-la-carcel-la-roca-en-guayaquil-dentro-del-caso-blanqueo-fito-27092026/,eldiario.ec,es,,2026-09-28T05:00:00Z,2026-10-07T07:28:56Z,panama,gdelt_doc,headline_metadata
art_f8892ad422a7303c,García : Hoy día no tenemos donde entrenar,https://hoy.com.do/deportes/garcia-hoy-dia-entrenar_1103732.html,hoy.com.do,es,,2026-09-28T05:00:00Z,2026-10-07T07:28:56Z,panama,gdelt_doc,headline_metadata
art_01a1e95f0be863fb,Confabulario,https://www.panamaamerica.com.pa/confabulario/confabulario-1266796,panamaamerica.com.pa,es,,2026-09-28T05:30:00Z,2026-10-07T07:28:56Z,panama,gdelt_doc,headline_metadata
art_2066155081929cbe,Meta Cero : casos de rabia humana para el 2030,https://www.panamaamerica.com.pa/sociedad/meta-cero-casos-de-rabia-humana-para-el-2030-1266793,panamaamerica.com.pa,es,,2026-09-28T05:30:00Z,2026-10-07T07:28:56Z,panama,gdelt_doc,headline_metadata
art_9edeab33261ba617,Procuraduría habría obviado alerta sobre créditos fiscales,https://www.panamaamerica.com.pa/judicial/procuraduria-habria-obviado-alerta-sobre-creditos-fiscales-1266786,panamaamerica.com.pa,es,,2026-09-28T05:30:00Z,2026-10-07T07:28:56Z,panama,gdelt_doc,headline_metadata
art_cda2fc8fe3f5dae0,Columna de Mauricio Cárdenas del 28 de septiembre : El milagro latinoamericano,https://www.eltiempo.com/opinion/columnistas/el-milagro-latinoamericano-3589379,eltiempo.com,es,,2026-09-28T05:30:00Z,2026-10-07T07:28:56Z,panama,gdelt_doc,headline_metadata
art_1b5604635f20294c,Vence León a Juárez con gol agónico - Quadratin Bajío,https://bajio.quadratin.com.mx/vence-leon-a-juarez-con-gol-agonico-y-se-mete-entre-los-cinco-mejores/,bajio.quadratin.com.mx,es,,2026-09-28T05:45:00Z,2026-10-07T07:28:56Z,panama,gdelt_doc,headline_metadata
art_21990aebe9388cd1,Eduardo Anderson : Hay que aprovechar la oportunidad,https://www.critica.com.pa/deportes/eduardo-anderson-hay-que-aprovechar-la-oportunidad-517119,critica.com.pa,es,,2026-09-28T05:45:00Z,2026-10-07T07:28:56Z,panama,gdelt_doc,headline_metadata
art_4ef6ef6b67309421,El país será sede del encuentro regional de gobierno digital,https://listindiario.com/la-republica/20260928/pais-sera-sede-encuentro-regional-gobierno-digital_923922.html,listindiario.com,es,2026-09-28T00:00:00Z,2026-09-28T05:45:00Z,2026-10-07T07:28:56Z,panama,gdelt_doc,headline_metadata
art_5caa5e5475473d7f,Obras que van desde novelas hasta de autoayuda se exhiben en la Feria del Libro,https://listindiario.com/la-republica/educacion/20260928/obras-novelas-autoayuda-exhiben-feria-libro_923921.html,listindiario.com,es,2026-09-28T00:00:00Z,2026-09-28T05:45:00Z,2026-10-07T07:28:56Z,panama,gdelt_doc,headline_metadata
art_5d76e42b80a49357,Poderío de Indian Music y resurrección de Silencio Criminal,https://www.critica.com.pa/deportes/poderio-de-indian-music-y-resurreccion-de-silencio-criminal-517124,critica.com.pa,es,,2026-09-28T05:45:00Z,2026-10-07T07:28:56Z,panama,gdelt_doc,headline_metadata
art_c8b2d36ee4c61ccb,Vence el melenudo a Juárez con gol agónico y se mete entre los 5 mejores - Quadratín,https://mexico.quadratin.com.mx/vence-el-melenudo-a-juarez-con-gol-agonico-y-se-mete-entre-los-5-mejores/,mexico.quadratin.com.mx,es,,2026-09-28T05:45:00Z,2026-10-07T07:28:56Z,panama,gdelt_doc,headline_metadata
art_f0730991f7aaffe9,Edmundo Sosa y los Filis de Filadelfia clasifican a playoffs,https://www.critica.com.pa/deportes/edmundo-sosa-y-los-filis-de-filadelfia-clasifican-playoffs-517118,critica.com.pa,es,,2026-09-28T05:45:00Z,2026-10-07T07:28:56Z,panama,gdelt_doc,headline_metadata
art_45814196d6d96e50,Claudia Macero regresa a Venezuela – Correo del Caroní,https://correodelcaroni.com/pais-politico/claudia-macero-regresa-a-venezuela/,correodelcaroni.com,es,,2026-09-28T06:00:00Z,2026-10-07T07:28:56Z,panama,gdelt_doc,headline_metadata
art_64ff2a799e658e2a,El reto de los plásticos de un solo uso en América Latina y el Caribe ( ALC ) - Economía,https://www.abc.com.py/economia/2026/09/28/el-reto-de-los-plasticos-de-un-solo-uso-en-america-latina-y-el-caribe-alc/,abc.com.py,es,2026-09-28T00:00:00Z,2026-09-28T06:00:00Z,2026-10-07T07:28:56Z,panama,gdelt_doc,headline_metadata
art_74009cf5abb6222f,Mulino se suma al Festival de la Mejorana en Guararé y disfruta de la música de Colaquito Cortez,https://www.diaadia.com.pa/el-pais/mulino-se-suma-al-festival-de-la-mejorana-en-guarare-y-disfruta-de-la-musica-de-colaquito,diaadia.com.pa,es,,2026-09-28T06:00:00Z,2026-10-07T07:28:56Z,panama,gdelt_doc,headline_metadata
art_cc0ce6831ba8187d,Guatemala a dura prueba frente a El Salvador en Liga de Concacaf,https://www.prensa-latina.cu/2026/09/28/guatemala-a-dura-prueba-frente-a-el-salvador-en-liga-de-concacaf/,prensa-latina.cu,es,2026-09-28T00:00:00Z,2026-09-28T06:00:00Z,2026-10-07T07:28:56Z,panama,gdelt_doc,headline_metadata
art_d437991dbc4f4098,En Maturín se movilizaron en apoyo al regreso de María Corina Machado y para exigir elecciones presidenciales,https://lapatilla.com/2026/09/27/en-maturin-se-movilizaron-en-apoyo-al-regreso-de-maria-corina-machado-y-para-exigir-elecciones-presidenciales/,lapatilla.com,es,2026-09-27T00:00:00Z,2026-09-28T06:00:00Z,2026-10-07T07:28:56Z,panama,gdelt_doc,headline_metadata
art_0ac6709fc7445c05,Proyectan convertir los residuos plásticos en oportunidad de valor,https://efe.com/la-rioja/2026-09-28/un-proyecto-europeo-convertira-los-residuos-plasticos-en-una-oportunidad-de-valor/,efe.com,es,2026-09-28T00:00:00Z,2026-09-28T07:00:00Z,2026-10-07T07:28:56Z,panama,gdelt_doc,headline_metadata
art_bdf665ec24528dd5,Ile kosztuje dolar ? Kurs dolara do złotego PLN / USD 28 . 09 . 2026,https://www.money.pl/pieniadze/ile-kosztuje-dolar-kurs-dolara-do-zlotego-pln-usd-28-09-2026-7334181871982848a.html,money.pl,,,2026-09-28T07:00:00Z,2026-10-07T07:28:56Z,logistica,gdelt_doc,headline_metadata
art_c1805488c89a6b20,巴拿马经济强劲复苏 外资重返债券市场,https://finance.sina.com.cn/stock/usstock/c/2026-09-28/doc-initkhxe2921635.shtml,finance.sina.com.cn,zh,2026-09-28T00:00:00Z,2026-09-28T07:15:00Z,2026-10-07T07:28:56Z,logistica,gdelt_doc,headline_metadata
art_0f113eafbbd22c14,Mexico Flag Carrier Aeroméxico Quits Tulum Airport as Demand Slumps,https://www.riotimesonline.com/mexico-aeromexico-leaves-tulum-airport-2026/,riotimesonline.com,en,,2026-09-28T07:30:00Z,2026-10-07T07:28:56Z,logistica,gdelt_doc,headline_metadata
art_7731e871d5e97692,中南美洲三国行 - 从智利反季滑雪到秘鲁高原徒步 + 巴拿马顺道游 （ 行程摘要篇 ） - 博客,https://blog.wenxuecity.com/myblog/49274/202609/20978.html,blog.wenxuecity.com,zh,,2026-09-28T10:15:00Z,2026-10-07T07:28:56Z,logistica,gdelt_doc,headline_metadata
art_eac998b30059b2f8,Cunard Completes Final Cruise in Alaska - Cruise Industry News,https://cruiseindustrynews.com/cruise-news/2026/09/cunard-completes-final-cruise-in-alaska/,cruiseindustrynews.com,en,,2026-09-28T12:30:00Z,2026-10-07T07:28:56Z,logistica,gdelt_doc,headline_metadata
art_86d99e62d714c52d,Stupid on Stilts or generalizing from parties on foreign soil .,https://www.dailykos.com/stories/2026/9/28/800104581/community/stupid-on-stilts-generalizing-from-parties-on-foreign-soil/,dailykos.com,en,,2026-09-28T14:45:00Z,2026-10-07T07:28:56Z,logistica,gdelt_doc,headline_metadata
art_7a78e99ea8fd9668,Trump Greater North America Is Fascist Geopolitics,https://foreignpolicy.com/2026/09/28/trump-rubio-hegseth-greenland-cuba-north-america-fascism/?tpcc=recirc_trending062921,foreignpolicy.com,en,2026-09-28T00:00:00Z,2026-09-28T15:15:00Z,2026-10-07T07:28:56Z,logistica,gdelt_doc,headline_metadata
art_c3cbcb60cffe99a3,Are we watching the same game ? Same news ? Same debate ?,https://americanbazaaronline.com/2026/09/28/are-we-watching-the-same-game-same-news-same-debate-488918/,americanbazaaronline.com,en,2026-09-28T00:00:00Z,2026-09-28T15:15:00Z,2026-10-07T07:28:56Z,logistica,gdelt_doc,headline_metadata
art_ea924af617c8ea73,丙烷价格刷新十年新高 上下游企业多措应对,https://www.stcn.com/article/detail/4201650.html,stcn.com,zh,,2026-09-28T15:30:00Z,2026-10-07T07:28:56Z,logistica,gdelt_doc,headline_metadata
art_b5bc868e5871dd4b,'Nuestro súper': la apuesta de Pedidos Ya para acercar la experiencia de compra digital a más hogares,https://www.tvn-2.com/economia/empresas/publirreportajes/super-apuesta-pedidos-acercar-experiencia_1_2263160.html,TVN Panamá,es,2026-09-28T17:24:20Z,,2026-10-07T08:14:36Z,,tvn_rss,headline_metadata
art_00006733c7aabfd4,中南美洲三国行 - 从智利反季滑雪到秘鲁高原徒步 + 巴拿马顺道游 （ 行程摘要篇 ） - 云燕假日发表于 世界风情 - 论坛,https://bbs.wenxuecity.com/travel/772824.html,bbs.wenxuecity.com,zh,,2026-09-28T18:45:00Z,2026-10-07T07:28:56Z,logistica,gdelt_doc,headline_metadata
art_e747696f0a56cf6e,Panama Canal Eases Restrictions Adding Transit Slot and Maximum Draft,https://maritime-executive.com/article/panama-canal-eases-restrictions-adding-transit-slot-and-maximum-draft,maritime-executive.com,en,,2026-09-28T18:45:00Z,2026-10-07T07:28:56Z,logistica,gdelt_doc,headline_metadata
art_d94461f03e891232,美股三大指数集体收跌 国际金价跌超4 %； 官方确认新iPhone存在 系统漏洞 ； 段永平再次买入茅台丨每经早参 _ 东方财富网,https://finance.eastmoney.com/a/202609293885616370.html,finance.eastmoney.com,zh,,2026-09-28T22:45:00Z,2026-10-07T07:28:56Z,logistica,gdelt_doc,headline_metadata
art_151ee957a4538205,"Liberty Latin America ( NASDAQ : LILA ) Stock : Insider John Malone Buys 1 , 135 Shares",https://www.dailypolitical.com/2026/09/28/liberty-latin-america-nasdaqlila-stock-insider-john-malone-buys-1135-shares.html,dailypolitical.com,en,2026-09-28T00:00:00Z,2026-09-28T23:30:00Z,2026-10-07T07:28:56Z,logistica,gdelt_doc,headline_metadata
art_aadb5f885120c991,"Insider Buying : Liberty Global ( NASDAQ : LILAK ) Director Purchases 7 , 945 Shares of Company Stock",https://www.dailypolitical.com/2026/09/28/insider-buying-liberty-global-nasdaqlilak-director-purchases-7945-shares-of-company-stock.html,dailypolitical.com,en,2026-09-28T00:00:00Z,2026-09-28T23:30:00Z,2026-10-07T07:28:56Z,logistica,gdelt_doc,headline_metadata
art_39666969ba302f59,Panama Canal Increases Daily Transits to 33 and Maximum Draft to 49 Feet .,https://newsroompanama.com/2026/09/28/panama-canal-increases-daily-transits-to-33-and-maximum-draft-to-49-feet/,newsroompanama.com,en,2026-09-28T00:00:00Z,2026-09-28T23:45:00Z,2026-10-07T07:28:56Z,logistica,gdelt_doc,headline_metadata
art_396e78d1a1b995f3,美官员已同美伊调解方对话 ； 美股三大指数集体收跌 ， 国际金价跌超4 %； 官方确认新iPhone存在 系统漏洞 ； 段永平再次买入茅台丨每经早参,https://www.nbd.com.cn/articles/2026-09-28/4593934.html,nbd.com.cn,zh,2026-09-28T00:00:00Z,2026-09-28T23:45:00Z,2026-10-07T07:28:56Z,logistica,gdelt_doc,headline_metadata
art_5df2bc6e7257d8a1,"Liberty Global ( NASDAQ : LILAK ) Director Purchases $23 , 210 . 75 in Stock",https://www.themarketsdaily.com/2026/09/28/liberty-global-nasdaqlilak-director-purchases-23210-75-in-stock.html,themarketsdaily.com,en,2026-09-28T00:00:00Z,2026-09-29T00:00:00Z,2026-10-07T07:28:56Z,logistica,gdelt_doc,headline_metadata
art_92110409651001d1,"Liberty Latin America ( NASDAQ : LILA ) Stock : Insider John Malone Acquires 13 , 362 Shares",https://www.tickerreport.com/banking-finance/13599910/liberty-latin-america-nasdaqlila-stock-insider-john-malone-acquires-13362-shares.html,tickerreport.com,en,,2026-09-29T00:00:00Z,2026-10-07T07:28:56Z,logistica,gdelt_doc,headline_metadata
art_fdfd6602d7b4fc13,"Liberty Latin America ( NASDAQ : LILA ) Director Purchases 7 , 945 Shares of Company Stock",https://www.themarketsdaily.com/2026/09/28/liberty-latin-america-nasdaqlila-director-purchases-7945-shares-of-company-stock.html,themarketsdaily.com,en,2026-09-28T00:00:00Z,2026-09-29T00:00:00Z,2026-10-07T07:28:56Z,logistica,gdelt_doc,headline_metadata
art_3c838c027d3547c6,丙烷价格创十年新高 上下游企业多措应对,https://www.stcn.com/article/detail/4201669.html,stcn.com,zh,,2026-09-29T00:15:00Z,2026-10-07T07:28:56Z,logistica,gdelt_doc,headline_metadata
art_a48992ef2321d0d0,新华财经早报 ： 9月29日 _ 东方财富网,https://finance.eastmoney.com/a/202609293885741594.html,finance.eastmoney.com,zh,,2026-09-29T00:45:00Z,2026-10-07T07:28:56Z,logistica,gdelt_doc,headline_metadata
art_156d60136857163e,Contenido Exclusivo: Turismo en transporte público,https://www.tvn-2.com/contenido-exclusivo/contenido-exclusivo-turismo-transporte-publico_1_2263290.html,TVN Panamá,es,2026-09-29T01:23:06Z,,2026-10-07T08:14:35Z,,tvn_rss,headline_metadata
art_86082bb0c12b33ce,Panama Canal to increase daily transits through larger locks to 10 - Xinhua,https://english.news.cn/20260929/27bc5dcc459c4948b108cb2662b686ef/c.html,english.news.cn,en,2026-09-29T00:00:00Z,2026-09-29T04:00:00Z,2026-10-07T07:28:56Z,logistica,gdelt_doc,headline_metadata
art_b5c6a54bb796fd6e,Panama Canal to increase daily transits through larger locks to 10 - Xinhua,https://english.news.cn/northamerica/20260929/e3e52e1c8fb54cb4bc143abfebbbe57e/c.html,english.news.cn,en,2026-09-29T00:00:00Z,2026-09-29T04:00:00Z,2026-10-07T07:28:56Z,logistica,gdelt_doc,headline_metadata
art_255e37bbbec6be39,Fútbol RD choca con Haití en Liga Naciones,https://eldia.com.do/futbol-rd-choca-con-haiti-en-liga-naciones/,eldia.com.do,es,,2026-09-29T04:30:00Z,2026-10-07T07:28:56Z,logistica,gdelt_doc,headline_metadata
art_30b999431c508267,Panama Canal to Increase Daily Ship Transits as Rainfall Eases Water Shortage,https://slguardian.org/panama-canal-to-increase-daily-ship-transits-as-rainfall-eases-water-shortage/,slguardian.org,en,,2026-09-29T05:00:00Z,2026-10-07T07:28:56Z,logistica,gdelt_doc,headline_metadata
art_8e5d26298ddec480,Ile kosztuje dolar ? Kurs dolara do złotego PLN / USD 29 . 09 . 2026,https://www.money.pl/pieniadze/ile-kosztuje-dolar-kurs-dolara-do-zlotego-pln-usd-29-09-2026-7334535824398560a.html,money.pl,,,2026-09-29T06:30:00Z,2026-10-07T07:28:56Z,logistica,gdelt_doc,headline_metadata
art_92dab34bc67d74ec,LNG Canada Announces Phase 2 Final Investment Decision,https://www.thewhig.com/press-releases/pr-newswire/lng-canada-announces-phase-2-final-investment-decision/,thewhig.com,en,,2026-09-29T07:45:00Z,2026-10-07T07:28:56Z,logistica,gdelt_doc,headline_metadata
art_964ec8efae307be2,LNG Canada Announces Phase 2 Final Investment Decision,https://www.intelligencer.ca/press-releases/pr-newswire/lng-canada-announces-phase-2-final-investment-decision/,intelligencer.ca,en,,2026-09-29T07:45:00Z,2026-10-07T07:28:56Z,logistica,gdelt_doc,headline_metadata
art_a055316e14960594,Costco ( COST ) Q4 2026 Earnings Call Transcript,https://www.fool.com/earnings/call-transcripts/2026/09/29/costco-cost-q4-2026-earnings-call-transcript/?source=iedfolrf0000001,fool.com,en,2026-09-29T00:00:00Z,2026-09-29T08:00:00Z,2026-10-07T07:28:56Z,logistica,gdelt_doc,headline_metadata
art_de94cb515331b9e1,LNG Canada Announces Phase 2 Final Investment Decision,https://www.chathamdailynews.ca/press-releases/pr-newswire/lng-canada-announces-phase-2-final-investment-decision/,chathamdailynews.ca,en,,2026-09-29T08:00:00Z,2026-10-07T07:28:56Z,logistica,gdelt_doc,headline_metadata
art_d26d654582f5dc64,Terusan Panama akan tambah jumlah transit harian jadi 10 kapal,https://www.antaranews.com/berita/5763408/terusan-panama-akan-tambah-jumlah-transit-harian-jadi-10-kapal,antaranews.com,,,2026-09-29T11:30:00Z,2026-10-07T07:28:56Z,logistica,gdelt_doc,headline_metadata
art_6d38e00d9f28a92e,Anthropic $2 trillion IPO S - 1 prospectus has leaked and it shows steep losses,https://fortune.com/2026/09/29/anthropic-ipo-s-1-prospectus-income-statement/,fortune.com,en,2026-09-29T00:00:00Z,2026-09-29T11:45:00Z,2026-10-07T07:28:56Z,logistica,gdelt_doc,headline_metadata
art_2e0fc6c3d858ac1d,Panama Canal announces increase in draft and daily transit | Hellenic Shipping News Worldwide,https://www.hellenicshippingnews.com/panama-canal-announces-increase-in-draft-and-daily-transit/,hellenicshippingnews.com,en,,2026-09-29T13:30:00Z,2026-10-07T07:28:56Z,logistica,gdelt_doc,headline_metadata
art_9953bb5327256768,Does the Regime Truly Believe Everything is Psychological Warfare ? The Insights of a Photo Featuring Ana Hurtado,https://www.cubaheadlines.com/articles/341450,cubaheadlines.com,en,,2026-09-29T15:45:00Z,2026-10-07T07:28:56Z,logistica,gdelt_doc,headline_metadata
art_92fff79020ce94f0,Panama Canal increases daily transit slots to 33,https://www.freshplaza.com/north-america/article/9877740/panama-canal-increases-daily-transit-slots-to-33/,freshplaza.com,en,,2026-09-29T16:45:00Z,2026-10-07T07:28:56Z,logistica,gdelt_doc,headline_metadata
art_5343c9d96f748d1d,"Super El Niño : Fears for six - figure death toll , droughts around the world",https://www.nzherald.co.nz/nz/super-el-nino-fears-for-six-figure-death-toll-droughts-around-the-world/premium/DXPH23GWRNGYBPB4KWKF6TGPDA/,nzherald.co.nz,en,,2026-09-29T17:00:00Z,2026-10-07T07:28:56Z,logistica,gdelt_doc,headline_metadata
art_2db16c5bd59fa99f,BYD Panamá presenta su tecnología y anuncia su participación en Panamá Motor Show 2026,https://www.tvn-2.com/economia/empresas/publirreportajes/byd-panama-presenta-tecnologia-anuncia_1_2262930.html,TVN Panamá,es,2026-09-29T20:35:51Z,,2026-10-07T08:14:36Z,,tvn_rss,headline_metadata
art_26bea7c56d04ac89,中东冲突如何外溢影响马六甲海峡 ？,https://news.ifeng.com/c/8wo3jNNSvi6,news.ifeng.com,zh,,2026-09-30T00:45:00Z,2026-10-07T07:28:56Z,logistica,gdelt_doc,headline_metadata
art_e8ec75809fb6ddcb,Ile kosztuje dolar ? Kurs dolara do złotego PLN / USD 30 . 09 . 2026,https://www.money.pl/pieniadze/ile-kosztuje-dolar-kurs-dolara-do-zlotego-pln-usd-30-09-2026-7334889534257408a.html,money.pl,,,2026-09-30T06:00:00Z,2026-10-07T07:28:56Z,logistica,gdelt_doc,headline_metadata
art_2a60f65cdef59679,Top Fitness Stocks To Watch Today – September 27th,https://www.dailypolitical.com/2026/09/30/top-fitness-stocks-to-watch-today-september-27th.html,dailypolitical.com,en,2026-09-30T00:00:00Z,2026-09-30T11:15:00Z,2026-10-07T07:28:56Z,logistica,gdelt_doc,headline_metadata
art_3d4592c4f66e8aa8,Héctor Lavoe : cuando El cantante dejó de ser una canción y se convirtió en su historia,https://rpp.pe/famosos/celebridades/hector-lavoe-cuando-el-cantante-dejo-de-ser-una-cancion-y-se-convirtio-en-su-historia-noticia-1710067,rpp.pe,es,,2026-09-30T14:00:00Z,2026-10-07T07:28:56Z,logistica,gdelt_doc,headline_metadata
art_e9cfe92f75548f01,Panama Canal disruption creates new cargo accumulation headache,https://www.insurancebusinessmag.com/us/news/marine/panama-canal-disruption-creates-new-cargo-accumulation-headache-591787.aspx,insurancebusinessmag.com,en,,2026-09-30T15:30:00Z,2026-10-07T07:28:56Z,logistica,gdelt_doc,headline_metadata
art_505b14a34e21b791,Supermercados Xtra acompaña con solidaridad a pacientes oncológicos durante la Sandwichatón 2026,https://www.tvn-2.com/economia/empresas/publirreportajes/supermercados-xtra-acompana-solidaridad-pacientes_1_2263525.html,TVN Panamá,es,2026-09-30T15:33:46Z,,2026-10-07T08:14:36Z,,tvn_rss,headline_metadata
art_839a8d4587b8542c,"Encapuchados asaltan el minisúper Nuevo Pilón y se llevan $1 , 600",https://www.critica.com.pa/sucesos/encapuchados-asaltan-el-minisuper-nuevo-pilon-y-se-llevan-1600-517268,critica.com.pa,es,,2026-09-30T17:30:00Z,2026-10-07T07:28:56Z,logistica,gdelt_doc,headline_metadata
art_097371616488ee5e,"Panama Canal adds daily transit slot , raises Neopanamax draft limit",https://www.logisticsmgmt.com/article/panama_canal_adds_daily_transit_slot_raises_neopanamax_draft_limit,logisticsmgmt.com,en,,2026-09-30T19:00:00Z,2026-10-07T07:28:56Z,logistica,gdelt_doc,headline_metadata
art_e7f6a05193878b8d,综述丨超强厄尔尼诺来袭 拉美民生面临多重考验 - 新华网,http://www.xinhuanet.com/20260930/2f5bbf70da9b498e935011d7342a265c/c.html,xinhuanet.com,zh,2026-09-30T00:00:00Z,2026-09-30T19:00:00Z,2026-10-07T07:28:56Z,logistica,gdelt_doc,headline_metadata
art_86964ffdb664466e,梁启超1904新大陆游记 ： 从李鸿章杂碎写到太平洋时代的到来拍案叫绝 - 博客,https://blog.wenxuecity.com/myblog/78892/202609/22629.html,blog.wenxuecity.com,zh,,2026-09-30T19:15:00Z,2026-10-07T07:28:56Z,logistica,gdelt_doc,headline_metadata
art_9fe8ea28ebe9bc9f,Trump unveils 3 projects under Korea $200b US investment plan,https://www.koreaherald.com/article/10889661,koreaherald.com,en,,2026-09-30T21:45:00Z,2026-10-07T07:28:56Z,logistica,gdelt_doc,headline_metadata
art_cba91a55f7865bbf,"김정관 알래스카 LNG , 우리 입장서 타당성 없어 … 상업성 따져볼 것",https://www.newspim.com/news/view/20260930001232,newspim.com,ko,,2026-09-30T22:00:00Z,2026-10-07T07:28:56Z,logistica,gdelt_doc,headline_metadata
art_8ff3bc9707673d5a,"[ 일문일답 ] 김정관 알래스카 투자 , 상업적으로도 전략적으로도 국익에 도움되게 논쟁할 것",https://biz.chosun.com/policy/policy_sub/2026/10/01/FSN3ZWWVWFA7DDM7CHBOQFGLNE/,biz.chosun.com,ko,2026-10-01T00:00:00Z,2026-10-01T00:00:00Z,2026-10-07T07:28:56Z,logistica,gdelt_doc,headline_metadata
art_8581d3df61f86e88,"BYD Panamá reunió a representantes de medios de comunicación en su agencia de Calle 50 para realizar un Tech Talk dedicado a conocer de cerca la tecnología, innovación y propuesta de movilidad que distinguen a la marca.",https://www.tvn-2.com/economia/empresas/publirreportajes/video-byd-panama-reunio-representantes-medios_8_2263652.html,TVN Panamá,es,2026-10-01T00:12:21Z,,2026-10-07T08:14:36Z,,tvn_rss,headline_metadata
art_a8f50520d45b564e,Planet Fitness COO Dumps 23 % of His Direct Equity Stake After the Stock Crashed,https://www.fool.com/coverage/filings/2026/09/30/planet-fitness-coo-dumps-23-of-his-direct-equity-stake-after-the-stock-crashed/?source=iedfolrf0000001,fool.com,en,2026-09-30T00:00:00Z,2026-10-01T00:45:00Z,2026-10-07T07:28:56Z,logistica,gdelt_doc,headline_metadata
art_ecfac94f3d6dfdd4,Venezuelas Battle for Sovereignty Continues,http://www.haitisun.com/news/279344134/venezuelas-battle-for-sovereignty-continues,haitisun.com,en,,2026-10-01T00:45:00Z,2026-10-07T07:28:56Z,logistica,gdelt_doc,headline_metadata
art_fbdf9a6939df7b87,Venezuelas Battle for Sovereignty Continues,http://www.bignewsnetwork.com/news/279344134/venezuelas-battle-for-sovereignty-continues,bignewsnetwork.com,en,,2026-10-01T00:45:00Z,2026-10-07T07:28:56Z,logistica,gdelt_doc,headline_metadata
art_42c4b9b4ef8a1262,"Contenido Exclusivo: Coclé, se seca el campo",https://www.tvn-2.com/contenido-exclusivo/contenido-exclusivo-cocle-seca-campo-fenomeno-de-el-nino-clima-agua-produccion-sequia_1_2263614.html,TVN Panamá,es,2026-10-01T01:31:04Z,,2026-10-07T08:14:35Z,,tvn_rss,headline_metadata
art_710b34bc2c005ca1,Planet Fitness COO Dumps 23 % of His Direct Equity Stake After the Stock Crashed,https://www.fool.com/coverage/filings/2026/09/30/planet-fitness-coo-dumps-23-of-his-direct-equity-stake-after-the-stock-crashed/,fool.com,en,2026-09-30T00:00:00Z,2026-10-01T02:00:00Z,2026-10-07T07:28:56Z,logistica,gdelt_doc,headline_metadata
art_c3cc501736acf08c,US President Trump unveils 3 projects under South Korea US$200 billion US investment plan,https://asianews.network/us-president-trump-unveils-3-projects-under-south-koreas-us200-billion-us-investment-plan/,asianews.network,en,,2026-10-01T02:00:00Z,2026-10-07T07:28:56Z,logistica,gdelt_doc,headline_metadata
art_8dfcd92658f05909,Productores de arroz en Panamá exigen proyectos de riego y semillas resistentes,https://www.panamaamerica.com.pa/sociedad/productores-de-arroz-en-panama-exigen-proyectos-de-riego-y-semillas-resistentes-1266942,panamaamerica.com.pa,es,,2026-10-01T03:00:00Z,2026-10-07T07:28:56Z,panama,gdelt_doc,headline_metadata
art_cc884c5d5b224a6a,El Teatro Nacional celebra su aniversario con una gira gratuita de de Mi Lugar Favorito en el interior del país,https://www.panamaamerica.com.pa/variedades/el-teatro-nacional-celebra-su-aniversario-con-una-gira-gratuita-de-de-mi-lugar-favorito,panamaamerica.com.pa,es,,2026-10-01T03:00:00Z,2026-10-07T07:28:56Z,panama,gdelt_doc,headline_metadata
art_b31875d54b237659,Nueva cita con los mejores en Argentino,https://www.eldiariodelapampa.com.ar/deportes/81032/nueva-cita-con-los-mejores-en-argentino,eldiariodelapampa.com.ar,es,,2026-10-01T03:15:00Z,2026-10-07T07:28:56Z,panama,gdelt_doc,headline_metadata
art_efff5e2330678888,Septiembre cierra violento : trece muertes más que en 2025,https://www.diariolibre.com/actualidad/sucesos/2026/09/30/septiembre-cierra-violento-trece-muertes-mas-que-en-2025/3673814,diariolibre.com,es,2026-09-30T00:00:00Z,2026-10-01T03:15:00Z,2026-10-07T07:28:56Z,panama,gdelt_doc,headline_metadata
art_6418420489d22721,Fredd Matute gana la primera etapa y es líder del Tour de Panamá,https://www.panamaamerica.com.pa/deportes/fredd-matute-gana-la-primera-etapa-y-es-lider-del-tour-de-panama-1266932,panamaamerica.com.pa,es,,2026-10-01T03:30:00Z,2026-10-07T07:28:56Z,panama,gdelt_doc,headline_metadata
art_f46ae3b71357d97f,Senado aprueba reforma sobre doble nacionalidad ; restringe candidaturas a Presidencia y gubernaturas,https://www.am.com.mx/nacional/2026/09/30/senado-aprueba-reforma-contra-doble-nacionalidad-para-candidatos-a-presidencia-y-gubernaturas-1850107.html,am.com.mx,es,2026-09-30T00:00:00Z,2026-10-01T03:30:00Z,2026-10-07T07:28:56Z,panama,gdelt_doc,headline_metadata
art_9142762853606b1b,Venezuela Battle for Sovereignty Continues,http://www.caribbeanherald.com/news/279344131/venezuela-battle-for-sovereignty-continues,caribbeanherald.com,en,,2026-10-01T03:45:00Z,2026-10-07T07:28:56Z,logistica,gdelt_doc,headline_metadata
art_895be6f98cc32ae8,Fiestas de Guayaquil 2026 : estas son las actividades del 1 al 4 de octubre por los 206 años de Independencia,https://www.eluniverso.com/guayaquil/comunidad/fiestas-de-guayaquil-2026-estas-son-las-actividades-del-1-al-4-de-octubre-por-los-206-anos-de-independencia-nota/,eluniverso.com,es,,2026-10-01T04:00:00Z,2026-10-07T07:28:56Z,panama,gdelt_doc,headline_metadata
art_631f7f967290926a,Venezuelas Battle for Sovereignty Continues,http://www.venezuelastar.com/news/279344134/venezuelas-battle-for-sovereignty-continues,venezuelastar.com,en,,2026-10-01T04:30:00Z,2026-10-07T07:28:56Z,logistica,gdelt_doc,headline_metadata
art_c1648fff95cb0c5e,"Partidos de HOY , jueves 1 de octubre : horarios y canales de TV para ver EN VIVO Nations League y Copa de la Liga",https://rpp.pe/futbol/futbol-mundial/partidos-de-hoy-jueves-1-de-octubre-horarios-y-canales-de-tv-para-ver-en-vivo-nations-league-y-copa-de-la-liga-noticia-1710175,rpp.pe,es,,2026-10-01T04:30:00Z,2026-10-07T07:28:56Z,panama,gdelt_doc,headline_metadata
art_c6536a8959caf4c0,Foro Marítimo Colombiano : el 80 % de la actividad astillera está en Cartagena,https://www.eluniversal.com.co/economica/2026/09/30/foro-maritimo-colombiano-el-80-de-la-actividad-astillera-esta-en-cartagena/,eluniversal.com.co,es,2026-09-30T00:00:00Z,2026-10-01T04:30:00Z,2026-10-07T07:28:56Z,panama,gdelt_doc,headline_metadata
art_d53921a934a9f3c8,Venezuela Battle for Sovereignty Continues,http://www.venezuelastar.com/news/279344131/venezuela-battle-for-sovereignty-continues,venezuelastar.com,en,,2026-10-01T04:30:00Z,2026-10-07T07:28:56Z,logistica,gdelt_doc,headline_metadata
art_724a8fd4f272abb4,Venezuelas Battle for Sovereignty Continues,http://www.brazilsun.com/news/279344134/venezuelas-battle-for-sovereignty-continues,brazilsun.com,en,,2026-10-01T04:45:00Z,2026-10-07T07:28:56Z,logistica,gdelt_doc,headline_metadata
art_edca1120f9c83bee,"15 , 000 nuevas oportunidades",https://listindiario.com/puntos-de-vista/20261001/15-000-nuevas-oportunidades_924414.html,listindiario.com,es,2026-10-01T00:00:00Z,2026-10-01T04:45:00Z,2026-10-07T07:28:56Z,panama,gdelt_doc,headline_metadata
art_12d4bded7b44e8c8,"El Telégrafo - ¿ Quién es José Walther Manrique , detenido en España y procesado por el caso Apagón ?",https://www.eltelegrafo.com.ec/noticias/nacionales/210/quien-es-jose-walther-manrique-detenido-en-espana-y-procesado-por-el-caso-apagon,eltelegrafo.com.ec,es,,2026-10-01T05:00:00Z,2026-10-07T07:28:56Z,panama,gdelt_doc,headline_metadata
art_939e5c962e5b7d42,Venezuela Uneasy Survival – Sri Lanka Guardian,https://slguardian.org/venezuelas-uneasy-survival/,slguardian.org,en,,2026-10-01T05:00:00Z,2026-10-07T07:28:56Z,logistica,gdelt_doc,headline_metadata
art_98457e79a2d06cd6,Corina Machado tiene bajo perfil en Panamá,https://eldia.com.do/corina-machado-tiene-bajo-perfil-en-panama/,eldia.com.do,es,,2026-10-01T05:00:00Z,2026-10-07T07:28:56Z,panama,gdelt_doc,headline_metadata
art_b32081a4e2a38c00,Firman convenio para desarrollo del Parque de Amador,https://www.telemetro.com/nacionales/firman-convenio-desarrollo-del-parque-amador-n6093635,telemetro.com,es,,2026-10-01T05:00:00Z,2026-10-07T07:28:56Z,panama,gdelt_doc,headline_metadata
art_f72c1505d54a3d02,Preview - Asamblea de Panamá,https://www.asamblea.gob.pa/Noticias/Legislativa/ENTREGAN-AL-PLENO-TRATADOS-DE-TECNOLOGIA-SATELITAL-Y-MATERIA-JURIDICA-,asamblea.gob.pa,es,,2026-10-01T05:00:00Z,2026-10-07T07:28:56Z,panama,gdelt_doc,headline_metadata
art_fbb143517c802592,Director de la Lotería explica pago de dietas a directivos por 64 mil dólares,https://www.telemetro.com/nacionales/director-la-loteria-explica-pago-dietas-directivos-64-mil-dolares-n6093628,telemetro.com,es,,2026-10-01T05:00:00Z,2026-10-07T07:28:56Z,panama,gdelt_doc,headline_metadata
art_200fa7c808ae5eab,El Perú asume la Presidencia Pro Tempore de la Comunidad Andina con la meta de profundización de la agenda regional -,https://www.peruinforma.com/el-peru-asume-la-presidencia-pro-tempore-de-la-comunidad-andina-con-la-meta-de-profundizacion-de-la-agenda-regional/,peruinforma.com,es,,2026-10-01T05:15:00Z,2026-10-07T07:28:56Z,panama,gdelt_doc,headline_metadata
art_5c4f1cb149c277c2,David Robles viajó al Mister Global pese a estar destituido por la franquicia local y luce feliz representando a Panamá,https://www.diaadia.com.pa/fama/david-robles-viajo-al-mister-global-pese-estar-destituido-por-la-franquicia-local-y-luce-feliz,diaadia.com.pa,es,,2026-10-01T05:30:00Z,2026-10-07T07:28:56Z,panama,gdelt_doc,headline_metadata
art_054fc6e98a075e2b,Ellas se vacunaron primero y esto es lo que nos contaron,https://www.prensa.com/opinion/ellas-se-vacunaron-primero-y-esto-es-lo-que-nos-contaron/,prensa.com,es,,2026-10-01T06:00:00Z,2026-10-07T07:28:56Z,panama,gdelt_doc,headline_metadata
art_0a3514b0c1001136,Edmundo Sosa sale lesionado en triunfo de los Filis sobre Atlanta,https://www.critica.com.pa/deportes/edmundo-sosa-sale-lesionado-en-triunfo-de-los-filis-sobre-atlanta-517306,critica.com.pa,es,,2026-10-01T06:00:00Z,2026-10-07T07:28:56Z,panama,gdelt_doc,headline_metadata
art_18f9e302b55ee2dc,Un juez argentino vincula el atentado contra la AMIA con la explosión del vuelo de Alas Chiricanas,https://www.prensa.com/judiciales/un-juez-argentino-vincula-el-atentado-contra-la-amia-con-la-explosion-del-vuelo-de-alas-chiricanas/,prensa.com,es,,2026-10-01T06:00:00Z,2026-10-07T07:28:56Z,panama|logistica,gdelt_doc,headline_metadata
art_1aca5bb6e7f72318,¿ Abrir la mina para pagar su cierre ? La ruta que plantea la Comisión para Donoso,https://www.prensa.com/economia/abrir-la-mina-para-pagar-su-cierre-la-ruta-que-plantea-la-comision-para-donoso/,prensa.com,es,,2026-10-01T06:00:00Z,2026-10-07T07:28:56Z,panama,gdelt_doc,headline_metadata
art_607f391670643f55,Estabilidad para seguir gastando,https://www.prensa.com/opinion/estabilidad-para-seguir-gastando/,prensa.com,es,,2026-10-01T06:00:00Z,2026-10-07T07:28:56Z,panama,gdelt_doc,headline_metadata
art_6a725065ee1ec2be,Josué Yayita Vergara se une a la Selección Mayor de Fútbol de Panamá,https://www.critica.com.pa/deportes/josue-yayita-vergara-se-une-la-seleccion-mayor-de-futbol-de-panama-517312,critica.com.pa,es,,2026-10-01T06:00:00Z,2026-10-07T07:28:56Z,panama,gdelt_doc,headline_metadata
art_864f18f8e12540ac,Se escucha por ahí,https://www.critica.com.pa/escucha/se-escucha-por-ahi-517330,critica.com.pa,es,,2026-10-01T06:00:00Z,2026-10-07T07:28:56Z,panama,gdelt_doc,headline_metadata
art_a8d88653a855ad82,"Hondureño Fred Matute , primer líder del Tour de Panamá",https://www.critica.com.pa/deportes/hondureno-fred-matute-primer-lider-del-tour-de-panama-517308,critica.com.pa,es,,2026-10-01T06:00:00Z,2026-10-07T07:28:56Z,panama,gdelt_doc,headline_metadata
art_a943f8516d6cd418,Panamá impulsa tecnología satelital y nuevos acuerdos contra el crimen,https://www.critica.com.pa/nacional/panama-impulsa-tecnologia-satelital-y-nuevos-acuerdos-contra-el-crimen-517316,critica.com.pa,es,,2026-10-01T06:00:00Z,2026-10-07T07:28:56Z,panama,gdelt_doc,headline_metadata
art_c2a3d2194ae52fd5,Educación financiera que permanece : BAC fortalece emprendimientos en seis comarcas y territorios | La Prensa Panamá,https://www.prensa.com/contenido-de-marcas/educacion-financiera-que-permanece-bac-fortalece-emprendimientos-en-seis-comarcas-y-territorios/,prensa.com,es,,2026-10-01T06:00:00Z,2026-10-07T07:28:56Z,panama,gdelt_doc,headline_metadata
art_ebab158f921bff69,MiBus tiene 306 autobuses fuera de servicio ; 171 tienen más de 15 años,https://www.prensa.com/sociedad/mibus-tiene-306-autobuses-fuera-de-servicio-171-tienen-mas-de-15-anos/,prensa.com,es,,2026-10-01T06:00:00Z,2026-10-07T07:28:56Z,panama,gdelt_doc,headline_metadata
art_3079bd4c630820f9,Canasta básica ronda los $303 y anticipan posible alza a fin de año,https://www.laestrella.com.pa/economia/canasta-basica-ronda-los-303-y-anticipan-posible-alza-a-fin-de-ano-KH26122967,laestrella.com.pa,es,,2026-10-01T07:00:00Z,2026-10-07T07:28:56Z,panama,gdelt_doc,headline_metadata
art_88db16270f492423,El ministro del Interior tilda de show las denuncias sobre obstáculos al regreso de María Corina Machado,https://www.diariosigloxxi.com/texto-ep/mostrar/20261001090432/ministro-interior-tilda-show-denuncias-sobre-obstaculos-regreso-maria-corina-machado,diariosigloxxi.com,es,,2026-10-01T09:15:00Z,2026-10-07T07:28:56Z,panama,gdelt_doc,headline_metadata
art_00e8208d7be241f9,Atlético de San Luis Femenil convierte la ilusión en puntos y sueña con su primera liguilla,https://www.record.com.mx/historia/atletico-de-san-luis-femenil-convierte-la-ilusion-en-puntos-y-suena-con-su-primera-liguilla-2026100106593363424,record.com.mx,es,,2026-10-01T10:00:00Z,2026-10-07T07:28:56Z,panama,gdelt_doc,headline_metadata
art_11019a611fe6672e,Panamá cae en penales ante Nueva Zelanda en las semifinales de la Copa Kirin,https://www.prensa.com/deportes/panama-cae-en-penales-ante-nueva-zelanda-en-las-semifinales-de-la-copa-kirin/,prensa.com,es,,2026-10-01T10:00:00Z,2026-10-07T07:28:56Z,panama,gdelt_doc,headline_metadata
art_e7c4ca0ee9d137c7,Venezuela Battle for Sovereignty Continues,https://countercurrents.org/2026/10/venezuelas-battle-for-sovereignty-continues/,countercurrents.org,en,,2026-10-01T10:00:00Z,2026-10-07T07:28:56Z,logistica,gdelt_doc,headline_metadata
art_88fe4a5145798aba,Más trabajadores panameños con ingresos inferiores al salario mínimo,https://www.prensa-latina.cu/2026/10/01/mas-trabajadores-panamenos-con-ingresos-inferiores-al-salario-minimo/,prensa-latina.cu,es,2026-10-01T00:00:00Z,2026-10-01T11:00:00Z,2026-10-07T07:28:56Z,panama,gdelt_doc,headline_metadata
art_2774424f37d74756,Alias Cóndor,https://www.elvigia.net/columnas/2026/10/1/alias-condor-513747.html,elvigia.net,es,,2026-10-01T11:15:00Z,2026-10-07T07:28:56Z,panama,gdelt_doc,headline_metadata
art_fee9c0bb6403bbf4,El ministro del Interior de Venezuela tilda de show las denuncias sobre obstáculos al regreso de María Corina Machado,https://www.notimerica.com/politica/noticia-ministro-interior-venezuela-tilda-show-denuncias-obstaculos-regreso-maria-corina-machado-20261001090433.html,notimerica.com,es,,2026-10-01T11:45:00Z,2026-10-07T07:28:56Z,panama,gdelt_doc,headline_metadata
art_2b59f6265b96573b,Científicos buscan proteger océanos,https://dca.gob.gt/noticias-guatemala-diario-centro-america/cientificos-buscan-proteger-oceanos/,dca.gob.gt,es,,2026-10-01T12:00:00Z,2026-10-07T07:28:56Z,panama,gdelt_doc,headline_metadata
art_8bad19442e450735,Panamá pierde ante Nueva Zelanda en la tanda de penales,https://www.critica.com.pa/deportes/panama-pierde-ante-nueva-zelanda-en-la-tanda-de-penales-517332,critica.com.pa,es,,2026-10-01T12:00:00Z,2026-10-07T07:28:56Z,panama,gdelt_doc,headline_metadata
art_17b81f51320342e2,Cabello tilda de show denuncias de trabas a retorno de Machado,https://talcualdigital.com/noticias/cabello-tilda-de-show-las-denuncias-sobre-trabas-al-retorno-de-maria-corina-machado/,talcualdigital.com,es,,2026-10-01T12:15:00Z,2026-10-07T07:28:56Z,panama,gdelt_doc,headline_metadata
art_04939472635f9f6f,Ailín Pérez hace historia : llegó al segundo escalón del ranking en la UFC,https://www.puntal.com.ar/ailin-perez/ailin-perez-hace-historia-llego-al-segundo-escalon-del-ranking-la-ufc-n265712,puntal.com.ar,es,,2026-10-01T13:00:00Z,2026-10-07T07:28:56Z,panama,gdelt_doc,headline_metadata
art_5a85838df6f4ddef,Mulino viaja a Asia : estos son los seis acuerdos que Panamá prevé firmar en Singapur,https://www.telemetro.com/nacionales/mulino-viaja-asia-estos-son-los-seis-acuerdos-que-panama-preve-firmar-singapur-n6093650,telemetro.com,es,,2026-10-01T13:00:00Z,2026-10-07T07:28:56Z,panama,gdelt_doc,headline_metadata
art_b5c4fbe15dfd5595,Día Internacional del Café : una fecha para celebrar una de las bebidas favoritas,https://www.telemetro.com/entretenimiento/dia-internacional-del-cafe-una-fecha-celebrar-una-las-bebidas-favoritas-n6093388,telemetro.com,es,,2026-10-01T13:00:00Z,2026-10-07T07:28:56Z,panama,gdelt_doc,headline_metadata
art_c7d1cf481fb272a8,¡ Atención ! Sinaproc mantiene aviso por lluvias y tormentas : ¿ dónde lloverá hoy ?,https://www.telemetro.com/nacionales/atencion-sinaproc-mantiene-aviso-lluvias-y-tormentas-donde-llovera-hoy-n6093647,telemetro.com,es,,2026-10-01T13:00:00Z,2026-10-07T07:28:56Z,panama,gdelt_doc,headline_metadata
art_0d1f1252435f16ed,¿ Las reformas harán que baje la luz ?,https://www.panamaamerica.com.pa/economia/las-reformas-haran-que-baje-la-luz-1266939,panamaamerica.com.pa,es,,2026-10-01T13:15:00Z,2026-10-07T07:28:56Z,panama,gdelt_doc,headline_metadata
art_ac678311fcf1614c,"¿ De qué países llegan más visitantes a Guatemala ? El Salvador y EE . UU . encabezan la lista , según el Inguat",https://lahora.gt/nacionales/diego/2026/10/01/de-que-paises-llegan-mas-visitantes-a-guatemala-el-salvador-y-ee-uu-encabezan-la-lista-segun-el-inguat-now/,lahora.gt,es,2026-10-01T00:00:00Z,2026-10-01T14:00:00Z,2026-10-07T07:28:56Z,panama,gdelt_doc,headline_metadata
art_ebe33e0c3a87387a,Sin noticias de Kubo,https://as.com/futbol/internacional/sin-noticias-de-kubo-f202610-n/,as.com,es,,2026-10-01T14:00:00Z,2026-10-07T07:28:56Z,panama,gdelt_doc,headline_metadata
art_006262b3388a973f,Qué condiciones faltan para que el fenómeno de El Niño se forme en su totalidad y hasta cuándo se extendería,https://www.eluniverso.com/noticias/ecuador/que-condiciones-faltan-para-que-el-fenomeno-de-el-nino-se-forme-en-su-totalidad-y-hasta-cuando-se-extenderia-nota/,eluniverso.com,es,,2026-10-01T14:30:00Z,2026-10-07T07:28:56Z,panama,gdelt_doc,headline_metadata
art_3f8615e5fd9776c2,0 - 0 ( 5 - 4 ): Japón elimina a la Ecuador de Gallardo,https://www.mundodeportivo.com/futbol/internacional/20261001/1004233420/0-0-5-4-japon-elimina-ecuador-gallardo.html,mundodeportivo.com,es,2026-10-01T00:00:00Z,2026-10-01T14:30:00Z,2026-10-07T07:28:56Z,panama,gdelt_doc,headline_metadata
art_82da0de0448e2e21,"Kubo , titular con Japón y finalista de la Kirin Cup",https://www.mundodeportivo.com/futbol/real-sociedad/20261001/1004233414/kubo-titular-japon-finalista-kirin-cup.html,mundodeportivo.com,es,2026-10-01T00:00:00Z,2026-10-01T14:30:00Z,2026-10-07T07:28:56Z,panama,gdelt_doc,headline_metadata
art_95b007fbb1ec7a51,Remembering the False Gloom and Doom of the 1992 Elections and the Upcoming Midterms,https://patriotpost.us/opinion/1001525-remembering-the-false-gloom-and-doom-of-the-1992-elections-and-the-upcoming-midterms,patriotpost.us,en,,2026-10-01T14:30:00Z,2026-10-07T07:28:56Z,logistica,gdelt_doc,headline_metadata
art_56097222a97649ec,Argentina vuelve a abrir sus tierras al capital extranjero,https://www.dw.com/es/tierras-para-extranjeros-en-am%C3%A9rica-latina-la-excepci%C3%B3n-argentina-frente-a-una-regi%C3%B3n-con-restricciones/a-79495244,dw.com,es,,2026-10-01T14:45:00Z,2026-10-07T07:28:56Z,panama,gdelt_doc,headline_metadata
art_a253d3b09d74b9b9,Japón se llevó el duelo contra Ecuador en la tanda de penales,https://fdpradio.com/japon-se-llevo-el-duelo-contra-ecuador-en-la-tanda-de-penales/,fdpradio.com,es,,2026-10-01T14:45:00Z,2026-10-07T07:28:56Z,panama,gdelt_doc,headline_metadata
art_e384bd08e0982f65,¿ Se puede trabajar en Estados Unidos con visa B1 / B2 ? Embajada aclara su uso,https://www.telemetro.com/nacionales/se-puede-trabajar-estados-unidos-visa-b1b2-embajada-aclara-su-uso-n6093666,telemetro.com,es,,2026-10-01T14:45:00Z,2026-10-07T07:28:56Z,panama,gdelt_doc,headline_metadata
art_565ede4094d595f1,The freight divide : why Black Sea war strikes have pulled shipping rates far above the wider Atlantic Panamax market,https://www.fastmarkets.com/insights/the-freight-divide-why-black-sea-war-strikes-have-pulled-shipping-rates-far-above-the-wider-atlantic-panamax-market/,fastmarkets.com,en,,2026-10-01T15:00:00Z,2026-10-07T07:28:56Z,logistica,gdelt_doc,headline_metadata
art_c53fb4cb0c82f8f6,Ecuador cayó por penales ante Japón y Marcelo Gallardo sigue sin ganar,https://442.perfil.com/noticias/futbol/ecuador-cayo-por-penales-ante-japon-y-marcelo-gallardo-sigue-sin-ganar.phtml,442.perfil.com,es,,2026-10-01T15:00:00Z,2026-10-07T07:28:56Z,panama,gdelt_doc,headline_metadata
art_7f66d2d96c04fcf5,Costa Rica depende cada vez más de migrantes para recolección de café,https://www.teletica.com/nacional/costa-rica-depende-cada-vez-mas-de-migrantes-para-recoleccion-de-cafe_418332,teletica.com,es,,2026-10-01T15:15:00Z,2026-10-07T07:28:56Z,panama,gdelt_doc,headline_metadata
art_1713f55ddb85a481,"Los conciertos del finde : Dani Martín , Víctor Manuel , Love Of Lesbian , Tam Tam Go , Transvision Vamp , Natxo de Felipe …",https://www.elcorreo.com/culturas/musica/conciertos-finde-complices-paloma-san-basilio-leon-20261001170115-nt.html,elcorreo.com,es,,2026-10-01T15:30:00Z,2026-10-07T07:28:56Z,panama,gdelt_doc,headline_metadata
art_1f05f2e6ede5bd8f,Selección de Panamá empata 1 - 1 ante Nueva Zelanda y cae en penales en amistoso internacional,https://www.telemetro.com/deportes/seleccion-panama-empata-1-1-nueva-zelanda-y-cae-penales-amistoso-internacional-n6093651,telemetro.com,es,,2026-10-01T15:30:00Z,2026-10-07T07:28:56Z,panama,gdelt_doc,headline_metadata
art_275d65fc2529fb5c,Localizan los cuerpos sin vida de dos personas desaparecidas en el Can Macho de Monte,https://www.telemetro.com/entrevistas/nacionales/localizan-los-cuerpos-vida-dos-personas-desaparecidas-el-canon-macho-monte-n6093653,telemetro.com,es,,2026-10-01T15:30:00Z,2026-10-07T07:28:56Z,panama,gdelt_doc,headline_metadata
art_c54ef769dfe09236,Gallardo sigue sin poder ganar : Ecuador perdió por penales ante Japón,https://www.unosantafe.com.ar/ovacion/gallardo-sigue-poder-ganar-ecuador-perdio-penales-japon-n10284240.html,unosantafe.com.ar,es,,2026-10-01T15:30:00Z,2026-10-07T07:28:56Z,panama,gdelt_doc,headline_metadata
art_f55a51d7101bd2b3,First Quantum se abre a negociar con Panamá el futuro de Cobre Panamá,https://www.revistaeyn.com/empresasymanagement/first-quantum-se-abre-a-negociar-con-panama-el-futuro-de-cobre-panama-ID32204095,revistaeyn.com,es,,2026-10-01T15:30:00Z,2026-10-07T07:28:56Z,panama,gdelt_doc,headline_metadata
art_f9be44e1b54b8568,Créditos de automóviles en Panamá superan los US$2 . 425 millones,https://www.revistaeyn.com/finanzas/creditos-de-automoviles-en-panama-superan-los-us-2425-millones-ED32202161,revistaeyn.com,es,,2026-10-01T15:30:00Z,2026-10-07T07:28:56Z,panama,gdelt_doc,headline_metadata
art_7369cf0380a3454d,"Rusia , regresen a nuestros hombres : familiares de dominicanos que combaten por Moscú se manifiestan",https://hoy.com.do/el-pais/rusia-regresen-hombres-familiares-dominicanos-combaten-moscu-manifiestan_1104175.html,hoy.com.do,es,,2026-10-01T15:45:00Z,2026-10-07T07:28:56Z,panama,gdelt_doc,headline_metadata
art_d5f058bdae4e5cf7,Ecuador empata 0 - 0 y pierde ante Japón en penales,https://laverdad.com.mx/2026/10/ecuador-empata-0-0-y-pierde-ante-japon-en-penales/,laverdad.com.mx,es,,2026-10-01T15:45:00Z,2026-10-07T07:28:56Z,panama,gdelt_doc,headline_metadata
art_33f4285e48297e94,República Dominicana se encuentra entre los países con menor incidencia de dengue en la región,https://presidencia.gob.do/noticias/republica-dominicana-se-encuentra-entre-los-paises-con-menor-incidencia-de-dengue-en-la,presidencia.gob.do,es,,2026-10-01T16:00:00Z,2026-10-07T07:28:56Z,panama,gdelt_doc,headline_metadata
art_388b122d57257f74,Inicio | Periódico CiudadCCS,http://www.ciudadccs.info/publicacion/51210-delta-air-lines-evalua-restablecer-sus-vuelos-a-venezuela,ciudadccs.info,es,,2026-10-01T16:00:00Z,2026-10-07T07:28:56Z,panama,gdelt_doc,headline_metadata
art_549cf0ad43c3eb23,Marcelo Gallardo sufrió su segunda derrota en Ecuador : perdió por penales un amistoso ante Japón,https://www.infobae.com/deportes/2026/10/01/marcelo-gallardo-sufrio-su-segunda-derrota-en-ecuador-perdio-por-penales-un-amistoso-ante-japon/,infobae.com,es,2026-10-01T00:00:00Z,2026-10-01T16:00:00Z,2026-10-07T07:28:56Z,panama,gdelt_doc,headline_metadata
art_aa00e7fa265318fe,El importado Grand Mo The First debutará en el óvalo de Coche,https://www.liderendeportes.com/hipismo/debuta-grand-mo-the-first/,liderendeportes.com,es,,2026-10-01T16:00:00Z,2026-10-07T07:28:56Z,panama,gdelt_doc,headline_metadata
art_d00fcad8e97eaea9,Gallardo valoró la reacción de Ecuador tras la caída ante Japón : El equipo respondió bien,https://www.diariopanorama.com/noticia/568293/gallardo-valoro-reaccion-ecuador-tras-caida-ante-japon-equipo-respondio-bien,diariopanorama.com,es,,2026-10-01T16:00:00Z,2026-10-07T07:28:56Z,panama,gdelt_doc,headline_metadata
art_de93dcd90a10d7bc,"La Nación / A sus casi 81 años , Lula busca un cuarto mandato al frente de Brasil",https://www.lanacion.com.py/mundo/2026/10/01/a-sus-casi-81-anos-lula-busca-un-cuarto-mandato-al-frente-de-brasil/,lanacion.com.py,es,2026-10-01T00:00:00Z,2026-10-01T16:00:00Z,2026-10-07T07:28:56Z,panama,gdelt_doc,headline_metadata
art_2644f36089ae831d,Héctor Urgelles Fox : Exigimos que los venezolanos en EE . UU . no sean tratados como rehenes ni delincuentes,https://confirmado.com.ve/hector-urgelles-fox-exigimos-que-los-venezolanos-en-ee-uu-no-sean-tratados-como-rehenes-ni-delincuentes/,confirmado.com.ve,es,,2026-10-01T16:15:00Z,2026-10-07T07:28:56Z,panama,gdelt_doc,headline_metadata
art_2ec84cdf7a89806c,Hace 50 años : Países productores de azúcar fijarían el precio en 15 centavos por libra,https://gda.com/detalle-de-la-noticia/?article=6193367,gda.com,es,,2026-10-01T16:15:00Z,2026-10-07T07:28:56Z,panama,gdelt_doc,headline_metadata
art_976fa7ea75701f32,Israel : El copiloto del vuelo Flydubai se sometió a adoctrinamiento radical islamista,https://urgente24.com/mundo/israel-el-copiloto-del-vuelo-flydubai-se-sometio-adoctrinamiento-radical-islamista-n633868,urgente24.com,es,,2026-10-01T16:15:00Z,2026-10-07T07:28:56Z,panama,gdelt_doc,headline_metadata
art_b4f2068cf8658e05,PedidosYa : el consumo de café por delivery subió 33 %…,https://mercado.com.ar/tendencias/pedidosya-el-consumo-de-cafe-por-delivery-subio-33-interanual-en-2026,mercado.com.ar,es,,2026-10-01T16:15:00Z,2026-10-07T07:28:56Z,panama,gdelt_doc,headline_metadata
art_ccdfbd9bd226c9eb,Estados Unidos nunca ha sido aliado de Chile ( II ) | Opinión,https://www.biobiochile.cl/noticias/opinion/columnas-bbcl/2026/10/01/estados-unidos-nunca-ha-sido-aliado-de-chile-ii.shtml,biobiochile.cl,es,2026-10-01T00:00:00Z,2026-10-01T16:15:00Z,2026-10-07T07:28:56Z,panama,gdelt_doc,headline_metadata
art_d5c245db60dda2e8,"Carnival to Deploy Adventure , Legend , Spirit to West Coast in 2028 - 29 - Cruise Industry News",https://cruiseindustrynews.com/cruise-news/2026/10/carnival-to-deploy-adventure-legend-spirit-to-west-coast-in-2028-29/,cruiseindustrynews.com,en,,2026-10-01T16:15:00Z,2026-10-07T07:28:56Z,logistica,gdelt_doc,headline_metadata
art_0161e21eb547bd7d,Mulino viajará a Asia : suscribirá convenios bilaterales con Singapur y Vietnam,https://www.laestrella.com.pa/panama/politica/mulino-viajara-a-asia-suscribira-convenios-bilaterales-con-singapur-y-vietnam-HH26129842,laestrella.com.pa,es,,2026-10-01T16:30:00Z,2026-10-07T07:28:56Z,panama,gdelt_doc,headline_metadata
art_4e00fb72f5d2ebaa,Presidente panameño visitará Singapur y Vietnam - Noticias Prensa Latina,https://www.prensa-latina.cu/2026/10/01/presidente-panameno-visitara-singapur-y-vietnam/,prensa-latina.cu,es,2026-10-01T00:00:00Z,2026-10-01T16:30:00Z,2026-10-07T07:28:56Z,panama,gdelt_doc,headline_metadata
art_6b032dbfda6efca3,¿ Mejoró la Tri ? El juego contra Japón dejó destellos de Gallardo,https://www.expreso.ec/deportes/mejoro-tri-juego-japon-dejo-destellos-gallardo-297777.html,expreso.ec,es,,2026-10-01T16:30:00Z,2026-10-07T07:28:56Z,panama,gdelt_doc,headline_metadata
art_771bdad4e9df5a0c,Noche de fe y adoración : Marcela Gándara hizo vibrar a Panamá,https://www.critica.com.pa/show/noche-de-fe-y-adoracion-marcela-gandara-hizo-vibrar-panama-517334,critica.com.pa,es,,2026-10-01T16:30:00Z,2026-10-07T07:28:56Z,panama,gdelt_doc,headline_metadata
art_914fdd0d61eb773a,Delta Air Lines evalúa reinicio de rutas con Venezuela,https://ultimasnoticias.com.ve/actualidad/delta-air-lines-evalua-reinicio-de-rutas-con-venezuela/,ultimasnoticias.com.ve,es,,2026-10-01T16:30:00Z,2026-10-07T07:28:56Z,panama,gdelt_doc,headline_metadata
art_8caedf3c010947f0,Ecuador pierde ante Japón y Panamá ya conoce su próximo rival,https://www.rpctv.com/futbol-internacional/futbol/ecuador-pierde-japon-y-panama-ya-conoce-su-proximo-rival-n6093662,rpctv.com,es,,2026-10-01T16:45:00Z,2026-10-07T07:28:56Z,panama,gdelt_doc,headline_metadata
art_8f9bc1a6dd3dd5b7,Jiovany Ramos encendió las alarmas en Panamá : salió lesionado ante Nueva Zelanda,https://www.rpctv.com/marea-roja/jiovany-ramos-encendio-las-alarmas-panama-salio-lesionado-nueva-zelanda-n6093668,rpctv.com,es,,2026-10-01T16:45:00Z,2026-10-07T07:28:56Z,panama,gdelt_doc,headline_metadata
art_d1e3313c7272fc4f,Reúne PJEdomex a jueces de 18 países en reunión de La Haya,https://edomex.quadratin.com.mx/reune-pjedomex-a-jueces-de-18-paises-en-reunion-de-la-haya/,edomex.quadratin.com.mx,es,,2026-10-01T16:45:00Z,2026-10-07T07:28:56Z,panama,gdelt_doc,headline_metadata
art_d50ed84f1714446a,"Gallardo , tras la caída en Japón por penales : El equipo respondió bien :: Olé",https://www.ole.com.ar/futbol-internacional/conferencia-prensa-marcelo-gallardo-eliminacion-ecuador-japon_0_70liTUKZmI.html,ole.com.ar,es,,2026-10-01T16:45:00Z,2026-10-07T07:28:56Z,panama,gdelt_doc,headline_metadata
art_d511985941507f08,Resultados de Controles Nocturnos en Manabí Durante Toque de Queda,https://www.eldiario.ec/seguridad/lo-que-dejaron-dos-semanas-de-controles-nocturnos-en-manabi-durante-el-toque-de-queda-01102026/,eldiario.ec,es,,2026-10-01T16:45:00Z,2026-10-07T07:28:56Z,panama,gdelt_doc,headline_metadata
art_82ae1b23b3f05248,"Ecuador mostró ligeras mejorías ante Japón , pero está lejos del nivel esperado",https://www.eluniverso.com/deportes/futbol/ecuador-mostro-ligeras-mejorias-ante-japon-pero-esta-lejos-del-nivel-esperado-nota/,eluniverso.com,es,,2026-10-01T17:00:00Z,2026-10-07T07:28:56Z,panama,gdelt_doc,headline_metadata
art_98bac35e2776a56d,Estas son las variantes que podría utilizar Marcelo Gallardo en Ecuador para el partido contra Panamá,https://www.eluniverso.com/deportes/futbol/estas-son-las-variantes-que-podria-utilizar-marcelo-gallardo-en-ecuador-para-el-partido-vs-panama-nota/,eluniverso.com,es,,2026-10-01T17:00:00Z,2026-10-07T07:28:56Z,panama,gdelt_doc,headline_metadata
art_bc0981f4a586713f,Building Bridges : Cooperative contributions for a peaceful world,https://www.thenews.coop/building-bridges-cooperative-contributions-for-a-peaceful-world/,thenews.coop,en,,2026-10-01T17:00:00Z,2026-10-07T07:28:56Z,logistica,gdelt_doc,headline_metadata
art_3ccc68a117a98ae3,"Mister Panamá destituye a David Robles , pero el modelo llega a Tailandia",https://www.critica.com.pa/show/mister-panama-destituye-david-robles-pero-el-modelo-llega-tailandia-517295,critica.com.pa,es,,2026-10-01T17:15:00Z,2026-10-07T07:28:56Z,panama,gdelt_doc,headline_metadata
art_32c44a330ef17a4b,Los riesgos del deber : Mulino lamenta muerte de rescatistas en Macho de Monte,https://www.telemetro.com/nacionales/los-riesgos-del-deber-mulino-lamenta-muerte-rescatistas-macho-monte-n6093699,telemetro.com,es,,2026-10-01T17:30:00Z,2026-10-07T07:28:56Z,panama,gdelt_doc,headline_metadata
art_58f92ccc1b4e1173,Alcaldía de Panamá reabre Centro de Atención al Contribuyente : horario y trámites disponibles,https://www.telemetro.com/nacionales/alcaldia-panama-reabre-centro-atencion-al-contribuyente-horario-y-tramites-disponibles-n6093692,telemetro.com,es,,2026-10-01T17:30:00Z,2026-10-07T07:28:56Z,panama,gdelt_doc,headline_metadata
art_74ace16e6288e3e5,Denuncian presuntas irregularidades en el manejo de fondos en la Alcaldía de Arraiján,https://www.telemetro.com/entrevistas/nacionales/denuncian-presuntas-irregularidades-el-manejo-fondos-la-alcaldia-arraijan-n6093658,telemetro.com,es,,2026-10-01T17:30:00Z,2026-10-07T07:28:56Z,panama,gdelt_doc,headline_metadata
art_83bb870c4f9918b1,"Ellos no son soldados , familiares de dominicanos llevados a la guerra en Rusia claman por su regreso",https://eldia.com.do/ellos-no-son-soldados-familiares-de-dominicanos-llevados-a-la-guerra-en-rusia-claman-por-su-regreso/,eldia.com.do,es,,2026-10-01T17:30:00Z,2026-10-07T07:28:56Z,panama,gdelt_doc,headline_metadata
art_f7e7ffce8385dbdf,Experto analiza proyecto que busca regular el servicio de electricidad en Panamá,https://www.telemetro.com/entrevistas/nacionales/experto-analiza-proyecto-que-busca-regular-el-servicio-electricidad-panama-n6093659,telemetro.com,es,,2026-10-01T17:30:00Z,2026-10-07T07:28:56Z,panama,gdelt_doc,headline_metadata
art_ff1ca0ae73dcbf8e,Lluvias y tormentas esta tarde : ¿ Dónde se concentrarán los aguaceros más fuertes ?,https://www.telemetro.com/nacionales/lluvias-y-tormentas-esta-tarde-donde-se-concentraran-los-aguaceros-mas-fuertes-n6093698,telemetro.com,es,,2026-10-01T17:30:00Z,2026-10-07T07:28:56Z,panama,gdelt_doc,headline_metadata
art_ff9add671ea70f54,Cancillería de Panamá presenta proyecto para ingresar a la Agencia Latinoamericana del Espacio,https://www.telemetro.com/nacionales/cancilleria-panama-presenta-proyecto-ingresar-la-agencia-latinoamericana-del-espacio-n6093696,telemetro.com,es,,2026-10-01T17:30:00Z,2026-10-07T07:28:56Z,panama,gdelt_doc,headline_metadata
art_b8073dc7a7820110,"FP Live : U . N . Ambassador Mike Waltz on Trump Policies in Iran , Sudan , China , and Russia .",https://foreignpolicy.com/2026/09/30/mike-waltz-trump-global-strategy-iran-sudan-venezuela-china-policy-international-law-united-nations/?tpcc=recirc_trending062921,foreignpolicy.com,en,2026-09-30T00:00:00Z,2026-10-01T18:00:00Z,2026-10-07T07:28:56Z,logistica,gdelt_doc,headline_metadata
art_06976108362c2360,Selección Chilena suma siete partidos seguidos recibiendo goles,https://redgol.cl/seleccionchilena/estadistica-seleccion-chilena-siete-partidos-recibiendo-goles-racha-negativa-2016-nicolas-cordova,redgol.cl,es,,2026-10-01T18:30:00Z,2026-10-07T07:28:56Z,panama,gdelt_doc,headline_metadata
art_11f4b3c52b7baf84,Margaritaville at Sea Unveils 30 Itineraries for 2028,https://www.travelmarketreport.com/cruises/articles/margaritaville-at-sea-2028-itineraries,travelmarketreport.com,en,,2026-10-01T18:30:00Z,2026-10-07T07:28:56Z,logistica,gdelt_doc,headline_metadata
art_244473e45e962842,Figuras del PRD reaccionan ante la crisis interna del partido,https://www.panamaamerica.com.pa/politica/figuras-del-prd-reaccionan-ante-la-crisis-interna-del-partido-1266956,panamaamerica.com.pa,es,,2026-10-01T18:30:00Z,2026-10-07T07:28:56Z,panama,gdelt_doc,headline_metadata
art_44d0bbbc14e2fc52,"Solo dos ciudades de Centroamérica están entre las mejores 300 del mundo , según ranking",https://www.nacion.com/economia/solo-dos-ciudades-de-centroamerica-estan-entre-las/RB4G6GS7C5H4PAZJXMNR4LIJGI/story/,nacion.com,es,,2026-10-01T18:30:00Z,2026-10-07T07:28:56Z,panama,gdelt_doc,headline_metadata
art_7ac33d693e22130e,"Sin combustible y con menos vuelos , pero a Cuba aún llegan aviones",https://www.diariolibre.com/mundo/america-latina/2026/10/01/sin-combustible-y-con-menos-vuelos-pero-a-cuba-aun-llegan-aviones/3675686,diariolibre.com,es,2026-10-01T00:00:00Z,2026-10-01T18:30:00Z,2026-10-07T07:28:56Z,panama,gdelt_doc,headline_metadata
art_82fe96a291887fed,Where Carnival Is Sending Three Ships in 2028 and 2029,https://www.cruisehive.com/where-carnival-is-sending-three-ships-in-2028-and-2029/219528,cruisehive.com,en,,2026-10-01T18:30:00Z,2026-10-07T07:28:56Z,logistica,gdelt_doc,headline_metadata
art_9f8003f4ee092d90,Empate que ilusiona : falta el gol y pulir detalles,https://www.panamaamerica.com.pa/deportes/empate-que-ilusiona-falta-el-gol-y-pulir-detalles-1266955,panamaamerica.com.pa,es,,2026-10-01T18:30:00Z,2026-10-07T07:28:56Z,panama,gdelt_doc,headline_metadata
art_536e0f6d26f559b2,PHNSY & IMF Welcomes a New Heavy - Lift Crane to Bolster Submarine Readiness,https://seapowermagazine.org/phnsy-imf-welcomes-a-new-heavy-lift-crane-to-bolster-submarine-readiness/,seapowermagazine.org,en,,2026-10-01T18:45:00Z,2026-10-07T07:28:56Z,logistica,gdelt_doc,headline_metadata
art_72e0058742eb49ac,Ecuador pierde en los penaltis ante Japón y se medirá a Panamá,https://www.prensa.com/deportes/ecuador-pierde-en-los-penaltis-ante-japon-en-la-semifinal-de-la-copa-kirin/,prensa.com,es,,2026-10-01T18:45:00Z,2026-10-07T07:28:56Z,panama,gdelt_doc,headline_metadata
art_82d60280e511dcc1,Trump amplía alcance del Escudo de las Américas más allá de la seguridad que enfatiza Cancillería,https://www.elmostrador.cl/noticias/mundo/2026/10/01/trump-amplia-alcance-del-escudo-de-las-americas-mas-alla-de-la-seguridad-que-enfatiza-cancilleria/,elmostrador.cl,es,2026-10-01T00:00:00Z,2026-10-01T19:00:00Z,2026-10-07T07:28:56Z,panama,gdelt_doc,headline_metadata
art_8ce851c55237489e,Aeropuerto de Quito suspenderá vuelos este 3 de octubre por mantenimiento : aerolíneas reprogramaron vuelos,https://www.eluniverso.com/noticias/ecuador/aeropuerto-quito-suspenden-vuelos-sabado-3-de-octubre-mantenimiento-de-pista-aerolineas-cuales-son-los-vuelos-reprogramados-nota/,eluniverso.com,es,,2026-10-01T19:00:00Z,2026-10-07T07:28:56Z,panama,gdelt_doc,headline_metadata
art_a653d7f68b99eab2,República Dominicana entre los países con menor incidencia de dengue en la región,https://www.dominicanoshoy.com/2026/10/01/republica-dominicana-entre-los-paises-con-menor-incidencia-de-dengue-en-la-region/,dominicanoshoy.com,es,2026-10-01T00:00:00Z,2026-10-01T19:00:00Z,2026-10-07T07:28:56Z,panama,gdelt_doc,headline_metadata
art_b56a7fab5fce7ec4,¡ En penales ! Ecuador cae ante Japón en el segundo partido de Marcelo Gallardo como DT,https://confirmado.net/en-penales-ecuador-cae-ante-japon-en-el-segundo-partido-de-marcelo-gallardo-como-dt/,confirmado.net,es,,2026-10-01T19:00:00Z,2026-10-07T07:28:56Z,panama,gdelt_doc,headline_metadata
art_cfc82c69cf1ebaa4,¿ Qué hacer este fin de semana ? La Feria del Libro se despide y Rawayana llega para encender el Cibao,https://listindiario.com/entretenimiento/cartelera/20261001/que-semana-feria-libro-despide-rawayana-llega-encender-cibao_924489.html,listindiario.com,es,2026-10-01T00:00:00Z,2026-10-01T19:00:00Z,2026-10-07T07:28:56Z,panama,gdelt_doc,headline_metadata
art_3ee280c0eb9e0cf2,Nuevo rector de la UP plantea una gestión enfocada en innovación y modernización,https://www.panamaamerica.com.pa/sociedad/nuevo-rector-de-la-plantea-una-gestion-enfocada-en-innovacion-y-modernizacion-1266957,panamaamerica.com.pa,es,,2026-10-01T19:15:00Z,2026-10-07T07:28:56Z,panama,gdelt_doc,headline_metadata
art_8195bf36596fc6c8,"La Ecuador de Marcelo Gallardo no convence , no pudo ante Japón",https://www.eluniversal.com.co/deportes/2026/10/01/la-ecuador-de-marcelo-gallardo-no-convence-no-pudo-ante-japon/,eluniversal.com.co,es,2026-10-01T00:00:00Z,2026-10-01T19:15:00Z,2026-10-07T07:28:56Z,panama,gdelt_doc,headline_metadata
art_822b8969d061d1b7,Panamá y Ecuador perdieron las semifinales de la Copa Kirin,https://emisorasunidas.com/deportes/2026/10/01/panama-y-ecuador-perdieron-las-semifinales-de-la-copa-kirin-2026/,emisorasunidas.com,es,2026-10-01T00:00:00Z,2026-10-01T19:15:00Z,2026-10-07T07:28:56Z,panama,gdelt_doc,headline_metadata
art_f57696993069d408,"Diosdado Cabello emplaza a María Corina Machado a regresar a Venezuela : ¡ Que se venga ¡, retó",https://www.diariolasamericas.com/america-latina/diosdado-cabello-emplaza-maria-corina-machado-regresar-venezuela-que-se-venga-reto-n5403082,diariolasamericas.com,es,,2026-10-01T19:15:00Z,2026-10-07T07:28:56Z,panama,gdelt_doc,headline_metadata
art_71fd2ead043bc744,Ministerio Público,https://ministeriopublico.gov.py/nota/-18518,ministeriopublico.gov.py,es,,2026-10-01T19:30:00Z,2026-10-07T07:28:56Z,panama,gdelt_doc,headline_metadata
art_4853737a840cfb29,Dominican Today,https://dominicantoday.com/dominican-republic-reports-one-of-the-lowest-dengue-rates-in-the-americas/,dominicantoday.com,en,,2026-10-01T19:45:00Z,2026-10-07T07:28:56Z,logistica,gdelt_doc,headline_metadata
art_616ddf8b9542212b,Presidente de Panamá visita Singapur y Vietnam en busca de inversiones,https://www.revistaeyn.com/centroamericaymundo/presidente-de-panama-visita-singapur-y-vietnam-en-busca-de-inversiones-ED32208738,revistaeyn.com,es,,2026-10-01T19:45:00Z,2026-10-07T07:28:56Z,panama,gdelt_doc,headline_metadata
art_73233c646065c805,Meduca y CSS firman acuerdo para el programa de Aulas de Atención Hospitalaria,https://www.telemetro.com/nacionales/meduca-y-css-firman-acuerdo-el-programa-aulas-atencion-hospitalaria-n6093708,telemetro.com,es,,2026-10-01T19:45:00Z,2026-10-07T07:28:56Z,panama,gdelt_doc,headline_metadata
art_8035ac1574dd3902,Asistencia a cines en Iberoamérica bajó 7 % e ingresos un 8 % en 2025,https://www.revistaeyn.com/empresasymanagement/asistencia-a-cines-en-iberoamerica-bajo-7-e-ingresos-un-8-en-2025-KD32208156,revistaeyn.com,es,,2026-10-01T19:45:00Z,2026-10-07T07:28:56Z,panama,gdelt_doc,headline_metadata
art_f432fb6148bf2e76,Venezuela participa en el Foro Parlamentario Iberoamericano,https://rnv.gob.ve/venezuela-en-foro-parlamentario-iberoamericano/,rnv.gob.ve,es,,2026-10-01T19:45:00Z,2026-10-07T07:28:56Z,panama,gdelt_doc,headline_metadata
art_540dfd519af9e2c8,¿ Cuándo vuelve a jugar Panamá ? Este será su próximo rival después de Nueva Zelanda,https://www.telemetro.com/deportes/cuando-vuelve-jugar-panama-este-sera-su-proximo-rival-despues-nueva-zelanda-n6093697,telemetro.com,es,,2026-10-01T20:15:00Z,2026-10-07T07:28:56Z,panama,gdelt_doc,headline_metadata
art_77cb810d5c8ef159,Trump asegura que es demasiado pronto para elecciones en Venezuela – El Financiero,https://www.elfinanciero.com.mx/mundo/2026/10/01/trump-asegura-que-es-demasiado-pronto-para-elecciones-en-venezuela/,elfinanciero.com.mx,es,2026-10-01T00:00:00Z,2026-10-01T20:15:00Z,2026-10-07T07:28:56Z,panama,gdelt_doc,headline_metadata
art_346572996de4492e,Top Fitness Stocks To Follow Today – October 1st,https://www.dailypolitical.com/2026/10/01/top-fitness-stocks-to-follow-today-october-1st.html,dailypolitical.com,en,2026-10-01T00:00:00Z,2026-10-01T20:30:00Z,2026-10-07T07:28:56Z,logistica,gdelt_doc,headline_metadata
art_9108cb299fd69ac5,Mercedes Moltó explota tras la cancelación del concierto de Ricardo Montaner,https://www.critica.com.pa/show/mercedes-molto-explota-tras-la-cancelacion-del-concierto-de-ricardo-montaner-517357,critica.com.pa,es,,2026-10-01T20:45:00Z,2026-10-07T07:28:56Z,panama,gdelt_doc,headline_metadata
art_4054796e5beed6dd,Los 21 países que buscan hacer negocios en El Salvador,https://www.elsalvador.com/dinero-y-negocios/entorno-economico/negocios-inversion-el-salvador/1296343/2026/,elsalvador.com,es,,2026-10-01T21:00:00Z,2026-10-07T07:28:56Z,panama,gdelt_doc,headline_metadata
art_b6d38af3151ed02d,José Antonio Bastidas desapareció en República Dominicana : su familia lo busca desde Riobamba,https://www.extra.ec/noticia/quito/jose-antonio-bastidas-desaparecio-republica-dominicana-familia-busca-riobamba-163844.html,extra.ec,es,,2026-10-01T21:00:00Z,2026-10-07T07:28:56Z,panama,gdelt_doc,headline_metadata
art_f13736c70dcfe093,"El Ecuador de Gallardo perdió por penales con Japón , no puede convertir y ya hay críticas",https://www.lanacion.com.ar/deportes/futbol/el-ecuador-de-gallardo-perdio-por-penales-con-japon-no-puede-convertir-y-ya-hay-criticas-nid01102026/,lanacion.com.ar,es,,2026-10-01T21:00:00Z,2026-10-07T07:28:56Z,panama,gdelt_doc,headline_metadata
art_83d09545245c0011,La Selección cambió de sede y no viene a Mar del Plata en octubre,http://www.0223.com.ar/nota/2026-10-1-17-11-0-la-seleccion-cambio-de-sede-y-no-viene-a-mar-del-plata-en-octubre,0223.com.ar,es,,2026-10-01T21:15:00Z,2026-10-07T07:28:56Z,panama,gdelt_doc,headline_metadata
art_fbc8137acb928355,Falta de contundencia ante Nueva Zelanda evidencia el gran dilema ofensivo de Panamá,https://www.laestrella.com.pa/deportes/futbol/falta-de-contundencia-ante-nueva-zelanda-evidencia-el-gran-dilema-ofensivo-de-panama-MG26139234,laestrella.com.pa,es,,2026-10-01T21:15:00Z,2026-10-07T07:28:56Z,panama,gdelt_doc,headline_metadata
art_61ce9fba4d04b30b,"Sanciones : Vima , socia española de Gaesa , empieza su retirada de Cuba",https://www.14ymedio.com/cuba/vima-socia-espanola-gaesa-empieza_1_1131390.html,14ymedio.com,es,,2026-10-01T21:30:00Z,2026-10-07T07:28:56Z,panama,gdelt_doc,headline_metadata
art_9dcd0c16fa2525a3,"Diosdado Cabello intenta confundir y a la vez que acepta regreso de María Corina , la desafía",https://www.diariolasamericas.com/america-latina/diosdado-cabello-intenta-confundir-y-la-vez-que-acepta-regreso-maria-corina-la-desafia-n5403082,diariolasamericas.com,es,,2026-10-01T21:30:00Z,2026-10-07T07:28:56Z,panama,gdelt_doc,headline_metadata
art_cb439e74eebfd263,Detectar el gusano barrenador no es sinónimo de muerte de ganado : Senasica,https://lineadirectaportal.com/sinaloa/detectar-el-gusano-barrenador-no-es-sinonimo-de-muerte-de-ganado-senasica-2026-10-01__1712498,lineadirectaportal.com,es,2026-10-01T00:00:00Z,2026-10-01T21:30:00Z,2026-10-07T07:28:56Z,panama,gdelt_doc,headline_metadata
art_e4645ea7b3566cc6,"Trump afirma que Venezuela podría celebrar elecciones , pero advierte que aún está demasiado verde",https://periodicocorreo.com.mx/internacional/2026/oct/01/trump-afirma-que-venezuela-podria-celebrar-elecciones-pero-advierte-que-aun-esta-demasiado-verde-168003.html,periodicocorreo.com.mx,es,,2026-10-01T21:30:00Z,2026-10-07T07:28:56Z,panama,gdelt_doc,headline_metadata
art_060243552972d1a3,Dolls Academy Gimnastic participará en torneo internacional de gimnasia artística en Panamá,https://www.eljaya.com/272173/dolls-academy-gimnastic-participara-en-torneo-internacional-de-gimnasia-artistica-en-panama/,eljaya.com,es,,2026-10-01T21:45:00Z,2026-10-07T07:28:56Z,panama,gdelt_doc,headline_metadata
art_52986c32d8209226,Delcy y el silencio de la derecha,https://www.libertaddigital.com/internacional/latinoamerica/2026-10-01/ian-vasquez-delcy-y-el-silencio-de-la-derecha-7468952/,libertaddigital.com,es,2026-10-01T00:00:00Z,2026-10-01T21:45:00Z,2026-10-07T07:28:56Z,panama,gdelt_doc,headline_metadata
art_2fa644a64e3871a9,José Emilio Moreno asume la rectoría de la UP y anuncia una nueva carrera,https://www.telemetro.com/nacionales/jose-emilio-moreno-asume-la-rectoria-la-up-y-anuncia-una-nueva-carrera-n6093723,telemetro.com,es,,2026-10-01T22:00:00Z,2026-10-07T07:28:56Z,panama,gdelt_doc,headline_metadata
art_330af2fed751b424,Mujeres mayores de 40 años podrán hacerse mamografías sin orden médica : conozca los centros,https://www.telemetro.com/nacionales/mujeres-mayores-40-anos-podran-hacerse-mamografias-orden-medica-conozca-los-centros-n6093725,telemetro.com,es,,2026-10-01T22:00:00Z,2026-10-07T07:28:56Z,panama,gdelt_doc,headline_metadata
art_46af949d38409a21,"US LNG Exports Increase in September , Europe Outbids Asia for Cargoes",http://www.maritimeprofessional.com/news/exports-increase-september-europe-outbids-423357,maritimeprofessional.com,en,,2026-10-01T22:00:00Z,2026-10-07T07:28:56Z,logistica,gdelt_doc,headline_metadata
art_9549e76b03a9932c,Nataly Delgado recibe reconocimiento tras conquistar título mundial supermosca de la AMB,https://www.telemetro.com/deportes/nataly-delgado-recibe-reconocimiento-conquistar-titulo-mundial-supermosca-la-amb-n6093735,telemetro.com,es,,2026-10-01T22:00:00Z,2026-10-07T07:28:56Z,panama,gdelt_doc,headline_metadata
art_e8ce9b122bc0c0ff,"Profesor Angel Dust , el rey de la noche de Barcelona que acabó en una prisión de Panamá : Sigo pensando que fue un sueño , pero me perdí cinco años de la vida de mi hija",https://www.elmundo.es/cultura/musica/2026/10/01/6ab6a90ae4d4d8ab618b4595.html,elmundo.es,es,2026-10-01T00:00:00Z,2026-10-01T22:00:00Z,2026-10-07T07:28:56Z,panama,gdelt_doc,headline_metadata
art_59ef96ef85bc2a23,Pinchotanos se unen para evitar la llegada de la subestación eléctrica Trinitaria,https://www.vanguardia.com/santander/guanenta/2026/10/01/pinchotanos-se-unen-para-evitar-la-llegada-de-la-subestacion-electrica-trinitaria/,vanguardia.com,es,2026-10-01T00:00:00Z,2026-10-01T22:30:00Z,2026-10-07T07:28:56Z,panama,gdelt_doc,headline_metadata
art_879d035d0db209c1,Fredd Matute gana la primera etapa y es líder del Tour de Panamá ; Carretero manda en la categoría Máster,https://www.panamaamerica.com.pa/deportes/fredd-matute-gana-la-primera-etapa-y-es-lider-del-tour-de-panama-carretero-manda-en-la,panamaamerica.com.pa,es,,2026-10-01T22:30:00Z,2026-10-07T07:28:56Z,panama,gdelt_doc,headline_metadata
art_89b2fe2cf92ca351,Llegará a Chihuahua torneo internacional de basquetbol Elite Champions,https://laopcion.com.mx/local/llegara-a-chihuahua-torneo-internacional-de-basquetbol-elite-champions-20261001-528901.html,laopcion.com.mx,es,2026-10-01T00:00:00Z,2026-10-01T22:30:00Z,2026-10-07T07:28:56Z,panama,gdelt_doc,headline_metadata
art_92781a0b537f6dad,Localizan los cuerpos de dos rescatistas tras emergencia en el Can de Macho de Monte en Chiriqu,https://www.panamaamerica.com.pa/provincias/localizan-los-cuerpos-de-dos-rescatistas-tras-emergencia-en-el-canon-de-macho-de-monte-en,panamaamerica.com.pa,es,,2026-10-01T22:30:00Z,2026-10-07T07:28:56Z,panama,gdelt_doc,headline_metadata
art_c88d65a1ab7d9506,"Ejecutivo sanciona la Ley 552 del Presupuesto del Canal de Panamá por $5 , 555 millones",https://www.panamaamerica.com.pa/economia/ejecutivo-sanciona-la-ley-552-del-presupuesto-del-canal-de-panama-por-5555-millones-1266965,panamaamerica.com.pa,es,,2026-10-01T22:30:00Z,2026-10-07T07:28:56Z,panama,gdelt_doc,headline_metadata
art_c891b77331ed6a3c,Remembering the False Gloom and Doom of the 1992 Elections and the Upcoming Midterms,https://townhall.com/columnists/victordavishanson/2026/10/01/remembering-the-false-gloom-and-doom-of-the-1992-elections-and-the-upcoming-midterms-n2683971,townhall.com,en,2026-10-01T00:00:00Z,2026-10-01T22:30:00Z,2026-10-07T07:28:56Z,logistica,gdelt_doc,headline_metadata
art_cc97f7e1a111eb61,Miguel Lorenzo Fábrega toma posesión como nuevo subadministrador del Canal de Panamá,https://www.panamaamerica.com.pa/sociedad/miguel-lorenzo-fabrega-toma-posesion-como-nuevo-subadministrador-del-canal-de-panama,panamaamerica.com.pa,es,,2026-10-01T22:30:00Z,2026-10-07T07:28:56Z,panama,gdelt_doc,headline_metadata
art_d575b8ddb323776c,BDA recupera $22 . 8 millones a agosto y alista su transformación en el Instituto de Fomento Agropecuario,https://www.panamaamerica.com.pa/economia/bda-recupera-228-millones-agosto-y-alista-su-transformacion-en-el-instituto-de-fomento,panamaamerica.com.pa,es,,2026-10-01T22:30:00Z,2026-10-07T07:28:56Z,panama,gdelt_doc,headline_metadata
art_e57d737c60dfb86e,Aduanas decomisa de cigarrillos y ropa falsificada en puestos de control de Chiriquí,https://www.panamaamerica.com.pa/provincias/aduanas-decomisa-de-cigarrillos-y-ropa-falsificada-en-puestos-de-control-de-chiriqui,panamaamerica.com.pa,es,,2026-10-01T22:30:00Z,2026-10-07T07:28:56Z,panama,gdelt_doc,headline_metadata
art_fbd7d3724125d75c,Susan Elizabeth Castillo responde a críticas tras publicar foto en su chequeo ginecológico,https://www.panamaamerica.com.pa/variedades/susan-elizabeth-castillo-responde-criticas-tras-publicar-foto-en-su-chequeo-ginecologico,panamaamerica.com.pa,es,,2026-10-01T22:30:00Z,2026-10-07T07:28:56Z,panama,gdelt_doc,headline_metadata
art_fc069790abb22040,Niños y adolescentes hospitalizados podrán continuar sus estudios con aulas de atención hospitalaria,https://www.panamaamerica.com.pa/sociedad/ninos-y-adolescentes-hospitalizados-podran-continuar-sus-estudios-con-aulas-de-atencion,panamaamerica.com.pa,es,,2026-10-01T22:30:00Z,2026-10-07T07:28:56Z,panama,gdelt_doc,headline_metadata
art_0dd7ad421404aa03,Caen Elian y Neitan : los buscaban por homicidios en San Miguelito,https://www.midiario.com/policiales/caen-elian-y-neitan-los-buscaban-por-homicidios-en-san-miguelito/,midiario.com,es,,2026-10-01T22:45:00Z,2026-10-07T07:28:56Z,panama,gdelt_doc,headline_metadata
art_29833449d55e69ca,Nataly Delgado recibe reconocimiento del Gobierno y se alista para unificar coronas en Texas,https://www.midiario.com/deportivas/nataly-delgado-recibe-reconocimiento-del-gobierno-y-se-alista-para-unificar-coronas-en-texas/,midiario.com,es,,2026-10-01T22:45:00Z,2026-10-07T07:28:56Z,panama,gdelt_doc,headline_metadata
art_2d62a1d2c88e60f0,"Con la fe en alto , Marcela Gándara pone a cantar al Teatro Anayansi en una noche de alabanza",https://www.midiario.com/farandula/con-la-fe-en-alto-marcela-gandara-pone-a-cantar-al-teatro-anayansi-en-una-noche-de-alabanza/,midiario.com,es,,2026-10-01T22:45:00Z,2026-10-07T07:28:56Z,panama,gdelt_doc,headline_metadata
art_2ffde9ceb585d0dc,¡ DEL AIRE AL VASO ! Una escuela de La Chorrera convierte la humedad en agua potable .,https://www.midiario.com/nacionales/del-aire-al-vaso-una-escuela-de-la-chorrera-convierte-la-humedad-en-agua-potable/,midiario.com,es,,2026-10-01T22:45:00Z,2026-10-07T07:28:56Z,panama,gdelt_doc,headline_metadata
art_86c04e7d1ac655de,José Caballero y los Yankees barren a Boston y avanzan a la Serie Divisional,https://www.midiario.com/deportivas/jose-caballero-y-los-yankees-barren-a-boston-y-avanzan-a-la-serie-divisional/,midiario.com,es,,2026-10-01T22:45:00Z,2026-10-07T07:28:56Z,panama,gdelt_doc,headline_metadata
art_8aa6933691b36c28,"Están viendo bien : Lorena Castillo , Marta de Martinelli , Mireya Moscoso , Yazmín de Cortizo y Maricel de Mulino se unen",https://www.midiario.com/farandula/estan-viendo-bien-lorena-castillo-marta-de-martinelli-mireya-moscoso-yazmin-de-cortizo-y-maricel-de-mulino-se-unen/,midiario.com,es,,2026-10-01T22:45:00Z,2026-10-07T07:28:56Z,panama,gdelt_doc,headline_metadata
art_ac231a7a92c9e4f0,Giovany Herber : la nueva figura que empieza a destacar en la sele,https://www.midiario.com/deportivas/giovany-herber-la-nueva-figura-que-empieza-a-destacar-en-la-sele/,midiario.com,es,,2026-10-01T22:45:00Z,2026-10-07T07:28:56Z,panama,gdelt_doc,headline_metadata
art_e4ceedeeaeaa0c55,Diario HOY | Paraguay gana protagonismo en la conducción de la Asociación Iberoamericana de Ministerios Públicos,https://www.hoy.com.py/nacionales/2026/10/01/paraguay-gana-protagonismo-en-la-conduccion-de-la-asociacion-iberoamericana-de-ministerios-publicos,hoy.com.py,es,2026-10-01T00:00:00Z,2026-10-01T22:45:00Z,2026-10-07T07:28:56Z,panama,gdelt_doc,headline_metadata
art_e6eca33d7d091782,Montería estrenará vuelo directo a Panamá con Satena y conexión aérea de menos de una hora,https://www.portafolio.co/economia/regiones/monteria-estrenara-vuelo-directo-a-panama-con-satena-y-conexion-aerea-de-menos-de-una-hora-503695,portafolio.co,es,,2026-10-01T22:45:00Z,2026-10-07T07:28:56Z,panama,gdelt_doc,headline_metadata
art_ea7f94d1a8193424,Instructor de banda de música cae con nueve paquetes de presunta droga en La Chorrera,https://www.midiario.com/policiales/instructor-de-banda-de-musica-cae-con-nueve-paquetes-de-presunta-droga-en-la-chorrera/,midiario.com,es,,2026-10-01T22:45:00Z,2026-10-07T07:28:56Z,panama,gdelt_doc,headline_metadata
art_8ec7f7f491ba677d,"Feria del libro : Dinámicas infantiles , charlas y talleres para incentivar la lectura - Dominican Republic Post – Caribbean News , Business , Travel & Culture",https://dominicanrepublicpost.com/feria-del-libro-dinamicas-infantiles-charlas-y-talleres-para-incentivar-la-lectura/,dominicanrepublicpost.com,es,,2026-10-01T23:00:00Z,2026-10-07T07:28:56Z,panama,gdelt_doc,headline_metadata
art_b7d410146b095482,Madres denuncian que jóvenes dominicanos fueron llevados a Rusia con ofertas de trabajo y terminaron en zona de guerra,https://acento.com.do/actualidad/madres-denuncian-que-jovenes-dominicanos-fueron-llevados-a-rusia-con-ofertas-de-trabajo-y-terminaron-en-zona-de-guerra-9762556.html,acento.com.do,es,,2026-10-01T23:00:00Z,2026-10-07T07:28:56Z,panama,gdelt_doc,headline_metadata
art_056b79601443992c,Jóvenes de Haina que se fueron engañados para pelear en Rusia piden auxilio para retornar al país,https://listindiario.com/la-republica/20261001/jovenes-haina-enganados-pelear-rusia-piden-auxilio-retornar-pais_924385.html,listindiario.com,es,2026-10-01T00:00:00Z,2026-10-01T23:15:00Z,2026-10-07T07:28:56Z,panama,gdelt_doc,headline_metadata
art_2d729595bb7e22c9,Guatemala hace podio completo en el Tour de Panamá 2026,https://emisorasunidas.com/deportes/2026/10/01/guatemala-hace-el-1-2-y-3-en-el-tour-panama-2026/,emisorasunidas.com,es,2026-10-01T00:00:00Z,2026-10-01T23:15:00Z,2026-10-07T07:28:56Z,panama,gdelt_doc,headline_metadata
art_3f9e3bc280bf3067,Cancillería coordina taller regional para promover y fortalecer la justicia juvenil restaurativa – Ministerio de Relaciones exteriores,https://mire.gob.pa/cancilleria-coordina-taller-regional-para-promover-y-fortalecer-la-justicia-juvenil-restaurativa/,mire.gob.pa,es,,2026-10-01T23:15:00Z,2026-10-07T07:28:56Z,panama,gdelt_doc,headline_metadata
art_4e6a7b1f37c9f717,"Feria del libro : Dinámicas infantiles , charlas y talleres para incentivar la lectura",https://listindiario.com/la-republica/20261001/feria-internacional-libro-dinamicas-infantiles-charlas-talleres-incentivar-lectura_924343.html,listindiario.com,es,2026-10-01T00:00:00Z,2026-10-01T23:15:00Z,2026-10-07T07:28:56Z,panama,gdelt_doc,headline_metadata
art_6c5a07c5e0bc0df3,Viceministro Guevara Mann invita a Uruguay a participar en Foro Económico de América Latina y el Caribe 2027 – Ministerio de Relaciones exteriores,https://mire.gob.pa/viceministro-guevara-mann-invita-a-uruguay-a-participar-en-foro-economico-de-america-latina-y-el-caribe-2027/,mire.gob.pa,es,,2026-10-01T23:15:00Z,2026-10-07T07:28:56Z,panama,gdelt_doc,headline_metadata
art_adfdb7c8b5b812a7,Activistas plantean estrategias contra el autoritarismo,https://emisorasunidas.com/nacional/2026/10/01/guatemala-activistas-centroamericanos-libertades/,emisorasunidas.com,es,2026-10-01T00:00:00Z,2026-10-01T23:15:00Z,2026-10-07T07:28:56Z,panama,gdelt_doc,headline_metadata
art_b681196f533903b7,Inland navigation workers stand with Panama Canal workers after death of tug captain,https://www.itfglobal.org/en/news/inland-navigation-workers-stand-panama-canal-workers-after-death-tug-captain,itfglobal.org,en,,2026-10-01T23:15:00Z,2026-10-07T07:28:56Z,logistica,gdelt_doc,headline_metadata
art_bd420f868704c0cb,"Surinam vs . Guatemala , la batalla por el liderato de grupo",https://emisorasunidas.com/deportes/2026/10/01/surinam-vs-guatemala-la-batalla-por-el-liderato-de-grupo/,emisorasunidas.com,es,2026-10-01T00:00:00Z,2026-10-01T23:15:00Z,2026-10-07T07:28:56Z,panama,gdelt_doc,headline_metadata
art_07e0923bbc1fad05,Paraguas a mano : lluvias y tormentas seguirán hasta el sábado,https://www.prensa.com/sociedad/lluvias-y-tormentas-seguiran-afectando-a-panama-hasta-el-sabado-3-de-octubre/,prensa.com,es,,2026-10-01T23:30:00Z,2026-10-07T07:28:56Z,panama,gdelt_doc,headline_metadata
art_22508587930a29c9,El Tribunal Electoral rechaza categóricamente los cambios a la ley electoral y los llama retrocesos,https://www.prensa.com/politica/el-tribunal-electoral-rechaza-categoricamente-los-cambios-a-la-ley-electoral-y-los-llama-retrocesos/,prensa.com,es,,2026-10-01T23:30:00Z,2026-10-07T07:28:56Z,panama,gdelt_doc,headline_metadata
art_374db66a91c765ae,José Caballero y Yankees avanzan a la Serie Divisional para medirse a los Rays de Tampa Bay,https://www.prensa.com/deportes/jose-caballero-y-yankees-avanzan-a-la-serie-divisional-para-medirse-a-los-rays-de-tampa-bay/,prensa.com,es,,2026-10-01T23:30:00Z,2026-10-07T07:28:56Z,panama,gdelt_doc,headline_metadata
art_3a3cb3ed440a9858,"Qué hacer en Panamá : cultura , música y actividades recreativas",https://www.prensa.com/vivir/que-hacer-en-panama-cultura-musica-y-actividades-recreativas/,prensa.com,es,,2026-10-01T23:30:00Z,2026-10-07T07:28:56Z,panama,gdelt_doc,headline_metadata
art_3e4497df454263ca,Esto es lo que gana el cuñado del presidente como cónsul en Japón,https://www.prensa.com/politica/esto-es-lo-que-gana-el-cunado-del-presidente-como-consul-en-japon/,prensa.com,es,,2026-10-01T23:30:00Z,2026-10-07T07:28:56Z,panama,gdelt_doc,headline_metadata
art_58d373bcb46b58e0,Preview - Asamblea de Panamá,https://www.asamblea.gob.pa/Noticias/Noticias/FORTALECEN-CONOCIMIENTOS-DE-COLABORADORES-LEGISLATIVOS-EN--TECNICA-LEGISLATIVA,asamblea.gob.pa,es,,2026-10-01T23:30:00Z,2026-10-07T07:28:56Z,panama,gdelt_doc,headline_metadata
art_601cfbfae131ab17,Fiscalía vincula a Los Iluminati con homicidio de agente de Senafront y decomiso de 785 kilos de droga,https://www.prensa.com/judiciales/fiscalia-vincula-a-los-iluminati-con-homicidio-de-agente-de-senafront-y-decomiso-de-785-kilos-de-droga/,prensa.com,es,,2026-10-01T23:30:00Z,2026-10-07T07:28:56Z,panama,gdelt_doc,headline_metadata
art_62ef4b56e4df42d4,Remembering The False Gloom And Doom Of The 1992 Elections ... And The Upcoming Midterms,http://www.zerohedge.com/political/remembering-false-gloom-and-doom-1992-elections-and-upcoming-midterms,zerohedge.com,en,,2026-10-01T23:30:00Z,2026-10-07T07:28:56Z,logistica,gdelt_doc,headline_metadata
art_90bd3f9c08699b80,Cali se consolida como epicentro regional de las ciudades inteligentes con el cierre del Smart City Expo 2026,https://www.eltiempo.com/colombia/cali/cali-se-consolida-como-epicentro-regional-de-las-ciudades-inteligentes-con-el-cierre-del-smart-city-expo-3590591,eltiempo.com,es,,2026-10-01T23:30:00Z,2026-10-07T07:28:56Z,panama,gdelt_doc,headline_metadata
art_9d68e6ea53eeffba,Thomas Christiansen reconoce falencias de Panamá y valora a los jóvenes en la gira,https://www.prensa.com/deportes/thomas-christiansen-reconoce-falencias-de-panama-y-valora-a-los-jovenes-en-la-gira/,prensa.com,es,,2026-10-01T23:30:00Z,2026-10-07T07:28:56Z,panama,gdelt_doc,headline_metadata
art_9edd04dcf2ab4a0b,El desafío de transformar la política panameña,https://www.prensa.com/opinion/el-desafio-de-transformar-la-politica-panamena/,prensa.com,es,,2026-10-01T23:30:00Z,2026-10-07T07:28:56Z,panama,gdelt_doc,headline_metadata
art_a1c129f0271bc7f2,¿ Cómo se fija el precio del combustible en Panamá ? El MEF explica la fórmula quincenal tras aprobarse nuevo subsidio,https://www.panamaamerica.com.pa/sociedad/como-se-fija-el-precio-del-combustible-en-panama-el-mef-explica-la-formula-quincenal-tras,panamaamerica.com.pa,es,,2026-10-01T23:30:00Z,2026-10-07T07:28:56Z,panama,gdelt_doc,headline_metadata
art_bdefe0cf7f99c77c,Paraguay gana espacio en la conducción de los Ministerios Públicos de Iberoamérica,https://www.adndigital.com.py/paraguay-gana-espacio-en-la-conduccion-de-los-ministerios-publicos-de-iberoamerica/,adndigital.com.py,es,,2026-10-01T23:30:00Z,2026-10-07T07:28:56Z,panama,gdelt_doc,headline_metadata
art_d5ffa6533e2a12f5,Preview - Asamblea de Panamá,https://www.asamblea.gob.pa/Noticias/Noticias/COMISION-DE-PRESUPUESTO-AVALA-TRASLADOS-DE-PARTIDAS-,asamblea.gob.pa,es,,2026-10-01T23:30:00Z,2026-10-07T07:28:56Z,panama,gdelt_doc,headline_metadata
art_e604530132c8ae74,Integrante de Grupo Aventurero es detenido tras muerte de joven de 16 años ; lo acusan de huir,https://www.record.com.mx/historia/integrante-de-grupo-aventurero-es-detenido-tras-muerte-de-joven-de-16-anos-lo-acusan-de-huir-2026100122233930118,record.com.mx,es,,2026-10-01T23:30:00Z,2026-10-07T07:28:56Z,panama,gdelt_doc,headline_metadata
art_e7507f7687cb26b6,Tribunal Electoral rechaza cambios de la Asamblea al proyecto de reformas al Código Electoral,https://www.panamaamerica.com.pa/politica/tribunal-electoral-rechaza-cambios-de-la-asamblea-al-proyecto-de-reformas-al-codigo,panamaamerica.com.pa,es,,2026-10-01T23:30:00Z,2026-10-07T07:28:56Z,panama,gdelt_doc,headline_metadata
art_1cd0cd6f7f844fdb,Semana de receso 2026 : así están cambiando los destinos que eligen los colombianos,https://www.elespectador.com/turismo/semana-de-receso-2026-asi-estan-cambiando-los-destinos-que-eligen-los-colombianos/,elespectador.com,es,,2026-10-01T23:45:00Z,2026-10-07T07:28:56Z,panama,gdelt_doc,headline_metadata
art_bad06ecbb8fe6b8a,La Selección argentina alcanza un nuevo récord con su vigésimo triunfo consecutivo en amistosos,https://www.cadena3.com/noticia/deportes/la-seleccion-argentina-alcanza-un-nuevo-record-con-su-vigesimo-triunfo-consecutivo-en-amistosos_599773,cadena3.com,es,,2026-10-01T23:45:00Z,2026-10-07T07:28:56Z,panama,gdelt_doc,headline_metadata
art_c3af32dfdfbf2b3d,Negocios de Gilinski y de Ecopetrol son claves para Colombia en América Latina,https://www.pulzo.com/economia/negocios-gilinski-ecopetrol-claves-para-colombia-america-latina-PP5319083,pulzo.com,es,,2026-10-01T23:45:00Z,2026-10-07T07:28:56Z,panama,gdelt_doc,headline_metadata
art_034d4875076c2907,Christiansen explica las carencias de Panamá ante Nueva Zelanda,https://www.diaadia.com.pa/deportes/christiansen-explica-las-carencias-de-panama-ante-nueva-zelanda-791821,diaadia.com.pa,es,,2026-10-02T00:00:00Z,2026-10-07T07:28:56Z,panama,gdelt_doc,headline_metadata
art_0f40376632558c18,Ecuador busca redención ante Panamá : tercer amistoso en la Copa Kirin .,https://futbolizados.com/106665/ecuador-busca-redencion-ante-panama-tercer-amistoso-en-la-copa-kirin/,futbolizados.com,es,,2026-10-02T00:00:00Z,2026-10-07T07:28:56Z,panama,gdelt_doc,headline_metadata
art_76cb9aebf25df5fd,Veracruz entra en toque de queda y estos son los horarios para menores y adultos,https://www.diaadia.com.pa/el-pais/veracruz-entra-en-toque-de-queda-y-estos-son-los-horarios-para-menores-y-adultos-791823,diaadia.com.pa,es,,2026-10-02T00:00:00Z,2026-10-07T07:28:56Z,panama,gdelt_doc,headline_metadata
art_b38b406b0c0be6bc,La Nación / Paraguay gana protagonismo en la conducción de los Ministerios Públicos de Iberoamérica,https://www.lanacion.com.py/politica/2026/10/01/paraguay-gana-protagonismo-en-la-conduccion-de-los-ministerios-publicos-de-iberoamerica/,lanacion.com.py,es,2026-10-01T00:00:00Z,2026-10-02T00:00:00Z,2026-10-07T07:28:56Z,panama,gdelt_doc,headline_metadata
art_ef25850c4be72572,Cobre Panamá volvería a producir : lo que falta definir es bajo qué modelo,https://www.infobae.com/panama/2026/10/01/cobre-panama-volveria-a-producir-lo-que-falta-definir-es-bajo-que-modelo/,infobae.com,es,2026-10-01T00:00:00Z,2026-10-02T00:00:00Z,2026-10-07T07:28:56Z,panama,gdelt_doc,headline_metadata
art_1a1ccc1b7058c8ee,Rosario presentó en Buenos Aires la oferta turística para esta primavera,https://www.unosantafe.com.ar/la-ciudad/rosario-presento-buenos-aires-la-oferta-turistica-esta-primavera-n10284384.html,unosantafe.com.ar,es,,2026-10-02T00:15:00Z,2026-10-07T07:28:56Z,panama,gdelt_doc,headline_metadata
art_30f760c8a4c5c181,Uruguay y su primer entrenamiento en India : las tres bajas de Diego Forlán y qué jugadores esperan su chance,https://www.elpais.com.uy/ovacion/futbol/uruguay-y-su-primer-entrenamiento-en-india-las-tres-bajas-de-diego-forlan-y-que-jugadores-esperan-su-chance,elpais.com.uy,es,,2026-10-02T00:15:00Z,2026-10-07T07:28:56Z,panama,gdelt_doc,headline_metadata
art_bae38e10c930e556,Marcelo Gallardo no encuentra el rumbo en Ecuador y hay preocupación,https://elintransigente.com/2026/10/marcelo-gallardo-ecuador-japon-2/,elintransigente.com,es,,2026-10-02T00:15:00Z,2026-10-07T07:28:56Z,panama,gdelt_doc,headline_metadata
art_75c1f55804f0c7d9,Suspenden clases en escuela Valle de Urracá tras crimen de padre de estudiante,https://www.critica.com.pa/sucesos/suspenden-clases-en-escuela-valle-de-urraca-tras-crimen-de-padre-de-estudiante-517373,critica.com.pa,es,,2026-10-02T00:30:00Z,2026-10-07T07:28:56Z,panama,gdelt_doc,headline_metadata
art_87f439daede4e24e,Fredy Toc encabeza el histórico 1 - 2 - 3 de Guatemala en el Tour de Panamá,https://www.prensalibre.com/deportes/deporte-nacional/fredy-toc-encabeza-el-historico-1-2-3-de-guatemala-en-el-tour-de-panama-breaking/,prensalibre.com,es,,2026-10-02T01:00:00Z,2026-10-07T07:28:56Z,panama,gdelt_doc,headline_metadata
art_b0de83958d40bc28,Guayaquil conmemora 9 de octubre de 1926 con agenda especial,https://www.eldiario.ec/guayaquil/guayaquil-conmemoro-el-9-de-octubre-de-1926-con-una-agenda-de-varios-dias-01102026/,eldiario.ec,es,,2026-10-02T01:00:00Z,2026-10-07T07:28:56Z,panama,gdelt_doc,headline_metadata
art_ed06337b964d06ff,Los grandes cocineros que pasaron por la final del S . Pellegrino Young Chef Academy,https://www.larepublica.co/ocio/los-grandes-cocineros-que-pasaron-por-la-final-del-s-pellegrino-young-chef-academy-4494630,larepublica.co,es,,2026-10-02T01:00:00Z,2026-10-07T07:28:56Z,panama,gdelt_doc,headline_metadata
art_fe32f2a2e64d1da1,TVN Media alcanza el primer lugar en reputación entre los medios de comunicación en Panamá,https://www.tvn-2.com/nacionales/tvn-media-alcanza-primer-lugar-medios-comunicacion-merco-panama_1_2263883.html,TVN Panamá,es,2026-10-02T01:00:17Z,,2026-10-07T08:14:35Z,,tvn_rss,headline_metadata
art_4996c43e1be8f575,La selección alcanzó un nuevo récord con su vigésimo triunfo consecutivo en amistosos,https://www.cadena3.com/noticia/seleccion-argentina/la-seleccion-alcanzo-un-nuevo-record-con-su-vigesimo-triunfo-consecutivo-en-amistosos_599773,cadena3.com,es,,2026-10-02T01:15:00Z,2026-10-07T07:28:56Z,panama,gdelt_doc,headline_metadata
art_49d7e7ca40cbc340,Hoy Tamaulipas - Tamaulipas Narro respalda balance de Americo Villarreal,https://hoytamaulipas.net/notas/628688/Narro-respalda-balance-de-Americo-Villarreal.html,hoytamaulipas.net,es,,2026-10-02T02:00:00Z,2026-10-07T07:28:56Z,panama,gdelt_doc,headline_metadata
art_b5070fbc4d1567a7,Noticias políticas del 1Oct en Venezuela,https://www.informe21.com/post/noticias-pol%C3%ADticas-del-1oct-en-venezuela,informe21.com,es,,2026-10-02T02:00:00Z,2026-10-07T07:28:56Z,panama,gdelt_doc,headline_metadata
art_df4373827a385b4f,"Jóvenes de Haina que se fueron engañados para pelear en Rusia piden auxilio para retornar al país - Dominican Republic Post – Caribbean News , Business , Travel & Culture",https://dominicanrepublicpost.com/jovenes-de-haina-que-se-fueron-enganados-para-pelear-en-rusia-piden-auxilio-para-retornar-al-pais/,dominicanrepublicpost.com,es,,2026-10-02T02:00:00Z,2026-10-07T07:28:56Z,panama,gdelt_doc,headline_metadata
art_4634f50b7d96810e,"Ecuador empató con Japón , perdió por penales y Marcelo Gallardo todavía no pudo ganar",https://www.losandes.com.ar/deportes/ecuador-empato-japon-perdio-penales-y-marcelo-gallardo-todavia-no-pudo-ganar-n6008675,losandes.com.ar,es,,2026-10-02T02:15:00Z,2026-10-07T07:28:56Z,panama,gdelt_doc,headline_metadata
art_55eb3babab97ac9a,Un nuevo capítulo en los cruceros de ultra lujo,https://www.larazon.es/viajes/nuevo-capitulo-cruceros-ultra-lujo_202610026abeb152127ef04c08cccbf7.html,larazon.es,es,,2026-10-02T02:15:00Z,2026-10-07T07:28:56Z,panama,gdelt_doc,headline_metadata
art_617ccf3606265df1,El Vaticano se animó a condenar los abusos del IVE dos años después de que el fundador se fuera a tomar vino con Satanás,https://www.agencianova.com/judiciales-y-policiales/2026/10/01/173391/el-vaticano-se-animo-a-condenar-los-abusos-del-ive-dos-anos-despues-de-que-el-fundador-se-fuera-a-tomar-vino-con-satanas/,agencianova.com,es,2026-10-01T00:00:00Z,2026-10-02T02:45:00Z,2026-10-07T07:28:56Z,panama,gdelt_doc,headline_metadata
art_77479ef8d0acbc56,Reconocen a promotores de turismo ; gobernadora entrega premio Orgullo Sinaloense 2026,https://lineadirectaportal.com/sinaloa/reconocen-a-promotores-de-turismo-gobernadora-entrega-premio-orgullo-sinaloense-2026-2026-10-01__1712680,lineadirectaportal.com,es,2026-10-01T00:00:00Z,2026-10-02T02:45:00Z,2026-10-07T07:28:56Z,panama,gdelt_doc,headline_metadata
art_cffd24dc6939ca54,Olimpia 77 - 83 Trouville : el rojo festejó en el Palacio en un partido infartante y se quedó con la Liga de Ascenso,https://www.elpais.com.uy/ovacion/basquetbol/olimpia-vs-trouville-por-la-final-de-la-liga-de-ascenso-de-basquetbol-el-titulo-se-disputa-en-el-palacio,elpais.com.uy,es,,2026-10-02T02:45:00Z,2026-10-07T07:28:56Z,panama,gdelt_doc,headline_metadata
art_6e20d71997b291d8,Navy destroyer named for late Sen . Ted Stevens will be commissioned in Whittier on Saturday,https://www.adn.com/alaska-news/military/2026/10/01/navy-destroyer-named-for-late-sen-ted-stevens-will-be-commissioned-in-whittier-on-saturday/,adn.com,en,2026-10-01T00:00:00Z,2026-10-02T03:00:00Z,2026-10-07T07:28:56Z,logistica,gdelt_doc,headline_metadata
art_a6b3427c7b51c95e,Panameños reducen sus comidas diarias por falta de dinero,https://www.hispantv.com/noticias/panama/661502/reducen-comidas-diarias-falta-dinero,hispantv.com,es,,2026-10-02T03:00:00Z,2026-10-07T07:28:56Z,panama,gdelt_doc,headline_metadata
art_0222bc561911c57a,Nueva combinación terapéutica mejora supervivencia en pacientes con cáncer renal avanzado,https://www.midiario.com/mundo/nueva-combinacion-terapeutica-mejora-supervivencia-en-pacientes-con-cancer-renal-avanzado/,midiario.com,es,,2026-10-02T03:15:00Z,2026-10-07T07:28:56Z,panama,gdelt_doc,headline_metadata
art_7cc5b2455ed28b23,"Tras el disparo , llega la imputación : Mujer de 20 años queda detenida provisionalmente por el crimen del tatuador de Pedregal + VIDEOS",https://www.midiario.com/policiales/tras-el-disparo-llega-la-imputacion-mujer-de-20-anos-queda-detenida-provisionalmente-por-el-crimen-del-tatuador-de-pedregal/,midiario.com,es,,2026-10-02T03:15:00Z,2026-10-07T07:28:56Z,panama,gdelt_doc,headline_metadata
art_ad84825b3f64e798,El rol clave que cumplió Maickel Villegas en el crimen de Ronald Ojeda,https://www.theclinic.cl/2026/10/01/se-encargo-de-filmar-la-operacion-y-fue-en-rescate-de-los-secuestradores-el-rol-clave-que-cumplio-maickel-villegas-en-el-crimen-de-ronald-ojeda/,theclinic.cl,es,2026-10-01T00:00:00Z,2026-10-02T03:15:00Z,2026-10-07T07:28:56Z,panama,gdelt_doc,headline_metadata
art_d2a8d6cbd3dbac05,"El BID moviliza proyectos por US$84 . 000 millones desde Miami : Quiero cerrar acuerdos que beneficien a América Latina , dice su nuevo director",https://www.elobservador.com.uy/estados-unidos/economia/el-bid-moviliza-proyectos-us84000-millones-miami-quiero-cerrar-acuerdos-que-beneficien-america-latina-dice-su-nuevo-director-n6059098,elobservador.com.uy,es,,2026-10-02T03:15:00Z,2026-10-07T07:28:56Z,panama,gdelt_doc,headline_metadata
art_facbc2f986b9851a,No es necesario : Orman Innis cuestiona a Susan Castillo por publicar su chequeo ginecológico + VÍDEO,https://www.midiario.com/farandula/no-es-necesario-orman-innis-cuestiona-a-susan-castillo-por-publicar-su-chequeo-ginecologico/,midiario.com,es,,2026-10-02T03:15:00Z,2026-10-07T07:28:56Z,panama,gdelt_doc,headline_metadata
art_2d53f328f5997740,Las manzanas de Sodoma o la ilusión minera,https://www.prensa.com/opinion/las-manzanas-de-sodoma-o-la-ilusion-minera/,prensa.com,es,,2026-10-02T03:45:00Z,2026-10-07T07:28:56Z,panama,gdelt_doc,headline_metadata
art_47f684abcc303f4d,Países del Escudo de las Américas dan apoyo firme a Bolivia tras acciones contra el narco y la corrupción,https://www.erbol.com.bo/mundo/pa%C3%ADses-del-escudo-de-las-am%C3%A9ricas-dan-apoyo-%E2%80%9Cfirme%E2%80%9D-bolivia-tras-acciones-contra-el-narco-y-la,erbol.com.bo,es,,2026-10-02T03:45:00Z,2026-10-07T07:28:56Z,panama,gdelt_doc,headline_metadata
art_48f49414e78c7ef4,El abrir para cerrar de la mina de cobre genera dudas y cuestionamientos en el frente ambiental y financiero,https://www.prensa.com/economia/cobre-panama-el-abrir-para-cerrar-genera-dudas-y-cuestionamientos-en-el-frente-ambiental-y-financiero/,prensa.com,es,,2026-10-02T03:45:00Z,2026-10-07T07:28:56Z,panama,gdelt_doc,headline_metadata
art_7b716a4e31006cf6,South Korea kicks off US investment plan with $22 . 3 billion Texas power project,https://asianews.network/south-korea-kicks-off-us-investment-plan-with-22-3-billion-texas-power-project/,asianews.network,en,,2026-10-02T03:45:00Z,2026-10-07T07:28:56Z,logistica,gdelt_doc,headline_metadata
art_80da2cef2f830e93,Dominicanos caen goleados 1 - 4 por Haití y pierden invicto,https://acento.com.do/deportes/dominicanos-caen-goleados-1-4-por-haiti-y-pierden-invicto-9762814.html,acento.com.do,es,,2026-10-02T03:45:00Z,2026-10-07T07:28:56Z,panama,gdelt_doc,headline_metadata
art_8d93678ad0a867da,El Alzheimer no sabe que septiembre ha terminado,https://www.prensa.com/opinion/el-alzheimer-no-sabe-que-septiembre-ha-terminado/,prensa.com,es,,2026-10-02T03:45:00Z,2026-10-07T07:28:56Z,panama,gdelt_doc,headline_metadata
art_9de1ebfc972ae06a,Zárate vuelve en el DAM a ser escenario del básquet internacional donde Argentina recibirá a Bahamas y Canadá,https://eldebate.com.ar/zarate-vuelve-en-el-espacio-dam-a-ser-escenario-del-basquet-internacional-donde-argentina-recibira-a-bahamas-y-canada/,eldebate.com.ar,es,,2026-10-02T03:45:00Z,2026-10-07T07:28:56Z,panama,gdelt_doc,headline_metadata
art_b03996f63626708f,"Canal de Panamá manejará presupuesto de B /. 5 , 555 millones para 2027",https://www.critica.com.pa/nacional/canal-de-panama-manejara-presupuesto-de-b5555-millones-para-2027-517398,critica.com.pa,es,,2026-10-02T03:45:00Z,2026-10-07T07:28:56Z,panama,gdelt_doc,headline_metadata
art_72086f07cc352067,Binational jazz festival celebrates music on both sides of the border,https://www.kpbs.org/podcasts/kpbs-midday-edition/binational-jazz-festival-celebrates-music-on-both-sides-of-the-border,kpbs.org,en,,2026-10-02T04:00:00Z,2026-10-07T07:28:56Z,logistica,gdelt_doc,headline_metadata
art_8f0a2e81dbb58e4c,Las 12 Horas Ecuador regresaron a Yahuarcocha después de 55 años y ya tienen a sus ganadores,https://www.ppelverdadero.com.ec/2026/10/las-12-horas-ecuador-regresaron.html,ppelverdadero.com.ec,es,,2026-10-02T04:00:00Z,2026-10-07T07:28:56Z,panama,gdelt_doc,headline_metadata
art_99a25cc9dae1b9e3,"Roberth Ordez , ganador de Yo Me Llamo Panamá 2026 , recibe reconocimiento de embajada ecuatoriana",https://www.eluniverso.com/entretenimiento/gente/roberth-ordonez-ganador-de-yo-me-llamo-panama-2026-recibe-reconocimiento-por-embajada-de-ecuador-nota/,eluniverso.com,es,,2026-10-02T04:00:00Z,2026-10-07T07:28:56Z,panama,gdelt_doc,headline_metadata
art_3ec87719e6df3204,"La sociedad se corrió a la derecha , pero valora el rol del Estado y la justicia social",http://www.eldestapeweb.com/politica/sociedad-corrio-derecha-valora-rol-estado-justicia-social-20261020534,eldestapeweb.com,es,,2026-10-02T04:15:00Z,2026-10-07T07:28:56Z,panama,gdelt_doc,headline_metadata
art_79b55e20f2dbb395,César Ramos Palazuelos será el árbitro en el clásico de la talacha por un millón de pesos,https://www.globalmedia.mx/articles/cesar_ramos_palazuelos_sera_el_arbitro_en_el_clasico_de_la_talacha_por_un_millon_de_pesos,globalmedia.mx,es,,2026-10-02T04:15:00Z,2026-10-07T07:28:56Z,panama,gdelt_doc,headline_metadata
art_feabaf056cc49f29,La Selección Argentina llegó a su vigésimo triunfo consecutivo en amistosos,https://www.unosantafe.com.ar/ovacion/la-seleccion-argentina-llego-su-vigesimo-triunfo-consecutivo-amistosos-n10284419.html,unosantafe.com.ar,es,,2026-10-02T04:15:00Z,2026-10-07T07:28:56Z,panama,gdelt_doc,headline_metadata
art_42308f005926a82e,Fredy Toc domina el Alto de La Vigía y asume el liderato del Tour de Panamá 2026,https://www.diaadia.com.pa/deportes/fredy-toc-domina-el-alto-de-la-vigia-y-asume-el-liderato-del-tour-de-panama-2026-791825,diaadia.com.pa,es,,2026-10-02T04:30:00Z,2026-10-07T07:28:56Z,panama,gdelt_doc,headline_metadata
art_39a38ce575511f16,Turismo en caída y falta de combustible : las aerolíneas que operan a Cuba vuelan con tanque lleno de ida y vuelta,https://www.clarin.com/mundo/turismo-caida-falta-combustible-aerolineas-operan-cuba-vuelan-tanque-lleno-ida-vuelta_0_ITlAbcJIfT.html,clarin.com,es,,2026-10-02T05:00:00Z,2026-10-07T07:28:56Z,panama,gdelt_doc,headline_metadata
art_b197972b6a31dd74,Semana de receso 2026 : así está cambiando la forma de viajar,https://www.diariodelsur.com.co/semana-de-receso-2026-asi-esta-cambiando-la-forma-de-viajar-de-los-colombianos/,diariodelsur.com.co,es,,2026-10-02T05:30:00Z,2026-10-07T07:28:56Z,panama,gdelt_doc,headline_metadata
art_cca429471fd22fc1,Tras detención de fiscal general sancionado por EE . UU .: Escudo de las Américas respalda a Bolivia en su lucha contra el narcotráfico y la corrupción,https://www.latercera.com/mundo/noticia/tras-detencion-de-fiscal-general-sancionado-por-eeuu-escudo-de-las-americas-respalda-a-bolivia-en-su-lucha-contra-el-narcotrafico-y-la-corrupcion/,latercera.com,es,,2026-10-02T05:30:00Z,2026-10-07T07:28:56Z,panama,gdelt_doc,headline_metadata
art_cf6f96725f5884a7,Miguel Bosé ( 70 años ): No he hecho la mili porque tengo pasaporte de Panamá y nací allí . No tengo la nacionalidad española,https://www.vozpopuli.com/dolcevita/miguel-bose-70-anos-no-he-hecho-la-mili-porque-tengo-pasaporte-de-panama-y-naci-alli-no-tengo-la-nacionalidad-espanola.html,vozpopuli.com,es,,2026-10-02T05:30:00Z,2026-10-07T07:28:56Z,panama,gdelt_doc,headline_metadata
art_dd73be08a7e1cfe2,Randy saca su lado más dulce en Romances de una novata volumen 3,https://eldia.com.do/randy-saca-su-lado-mas-dulce-en-romances-de-una-novata-volumen-3/,eldia.com.do,es,,2026-10-02T05:30:00Z,2026-10-07T07:28:56Z,panama|logistica,gdelt_doc,headline_metadata
art_ebce367169add69c,Pabellón de Panamá : una ventana a historia y cultura,https://hoy.com.do/el-pais/pabellon-panama-ventana-historia-cultura_1104262.html,hoy.com.do,es,,2026-10-02T05:30:00Z,2026-10-07T07:28:56Z,panama,gdelt_doc,headline_metadata
art_48f25d05c86ad893,Intensifying El Nino deepens economic risks across LatAm,http://www.britainnews.net/news/279346957/intensifying-el-nino-deepens-economic-risks-across-latam,britainnews.net,en,,2026-10-02T06:15:00Z,2026-10-07T07:28:56Z,logistica,gdelt_doc,headline_metadata
art_b2d641de6e2a9642,Intensifying El Nino deepens economic risks across LatAm,http://www.mainemirror.com/news/279346957/intensifying-el-nino-deepens-economic-risks-across-latam,mainemirror.com,en,,2026-10-02T06:30:00Z,2026-10-07T07:28:56Z,logistica,gdelt_doc,headline_metadata
art_098cec137336d07b,Intensifying El Nino deepens economic risks across LatAm,http://www.bignewsnetwork.com/news/279346957/intensifying-el-nino-deepens-economic-risks-across-latam,bignewsnetwork.com,en,,2026-10-02T06:45:00Z,2026-10-07T07:28:56Z,logistica,gdelt_doc,headline_metadata
art_3f42ee1016218188,"Banca local : Nuevos créditos crecen 4 % a agosto , pero hipotecas y construcción caen",https://www.laestrella.com.pa/economia/banca-local-nuevos-creditos-crecen-4-a-agosto-pero-hipotecas-y-construccion-caen-JA26156618,laestrella.com.pa,es,,2026-10-02T06:45:00Z,2026-10-07T07:28:56Z,panama,gdelt_doc,headline_metadata
art_57a786b684cb546b,World Insights : Intensifying El Nino deepens economic risks across LatAm,http://www.bignewsnetwork.com/news/279347044/world-insights-intensifying-el-nino-deepens-economic-risks-across-latam,bignewsnetwork.com,en,,2026-10-02T06:45:00Z,2026-10-07T07:28:56Z,logistica,gdelt_doc,headline_metadata
art_b35aa63a4ecb5a2d,Los países del Escudo de las América respaldan a Bolivia en su lucha contra el narcotráfico y la corrupción,https://www.notimerica.com/politica/noticia-bolivia-paises-escudo-americas-respaldan-bolivia-lucha-contra-narcotrafico-corrupcion-20261002054000.html,notimerica.com,es,,2026-10-02T06:45:00Z,2026-10-07T07:28:56Z,panama,gdelt_doc,headline_metadata
art_c3cef532eb96febc,Exportaciones de banano superan los $17 millones en junio y marcan recuperación,https://www.laestrella.com.pa/economia/exportaciones-de-banano-superan-los-17-millones-en-junio-y-marcan-recuperacion-AA26156723,laestrella.com.pa,es,,2026-10-02T06:45:00Z,2026-10-07T07:28:56Z,panama,gdelt_doc,headline_metadata
art_cf185ab4cfafb425,Intensifying El Nino deepens economic risks across LatAm,http://www.newzealandstar.com/news/279346957/intensifying-el-nino-deepens-economic-risks-across-latam,newzealandstar.com,en,,2026-10-02T06:45:00Z,2026-10-07T07:28:56Z,logistica,gdelt_doc,headline_metadata
art_0d20752ef24e367c,Webinar CEJA : Estado Actual de los Mecanismos de Solución de Conflictos en América,https://cejamericas.org/2026/10/02/webinar-mecanismos-solucion-conflictos-america/,cejamericas.org,es,2026-10-02T00:00:00Z,2026-10-02T07:15:00Z,2026-10-07T07:28:56Z,panama,gdelt_doc,headline_metadata
art_8dfdff870c2143a2,Plasencia Encorto apuesta por una edición con protagonismo femenino,https://www.hoy.es/plasencia/plasencia-encorto-apuesta-edicion-protagonismo-femenino-20261002083303-nt.html,hoy.es,es,,2026-10-02T07:15:00Z,2026-10-07T07:28:56Z,panama,gdelt_doc,headline_metadata
art_2d7810aab8a277c1,¿ Por qué está cayendo la Bolsa ?,https://www.eleconomista.com.mx/opinion/cayendo-bolsa-20261002-836482.html,eleconomista.com.mx,es,2026-10-02T00:00:00Z,2026-10-02T07:30:00Z,2026-10-07T07:28:56Z,panama,gdelt_doc,headline_metadata
art_448d68cdfadaca7e,"Trump streicht Europa - Hilfe , lenkt Millionen nach Lateinamerika",https://www.kreiszeitung.de/politik/trump-streicht-europa-hilfe-lenkt-millionen-nach-lateinamerika-zr-94521334.html,kreiszeitung.de,de,,2026-10-02T07:30:00Z,2026-10-07T07:28:56Z,logistica,gdelt_doc,headline_metadata
art_858bc12139f67709,Intensifying El Nino deepens economic risks across LatAm,http://www.thailandnews.net/news/279346957/intensifying-el-nino-deepens-economic-risks-across-latam,thailandnews.net,en,,2026-10-02T07:30:00Z,2026-10-07T07:28:56Z,logistica,gdelt_doc,headline_metadata
art_b8d9050a4db9fb96,"Trump streicht Europa - Hilfe , lenkt Millionen nach Lateinamerika",http://www.ovb-online.de/weltspiegel/politik/trump-streicht-europa-hilfe-lenkt-millionen-nach-lateinamerika-zr-94521334.html,ovb-online.de,de,,2026-10-02T07:30:00Z,2026-10-07T07:28:56Z,logistica,gdelt_doc,headline_metadata
art_fb995b4a4668ba2c,World Insights : Intensifying El Nino deepens economic risks across LatAm - Xinhua,https://english.news.cn/20261002/3ed0d41ec72b4abab6a0f33ec809c6f3/c.html,english.news.cn,en,2026-10-02T00:00:00Z,2026-10-02T07:30:00Z,2026-10-07T07:28:56Z,logistica,gdelt_doc,headline_metadata
art_294c78a82780aebc,Intensifying El Nino deepens economic risks across LatAm,http://www.irishsun.com/news/279346957/intensifying-el-nino-deepens-economic-risks-across-latam,irishsun.com,en,,2026-10-02T07:45:00Z,2026-10-07T07:28:56Z,logistica,gdelt_doc,headline_metadata
art_801826774777b56c,"Trump streicht Europa - Hilfe , lenkt Millionen nach Lateinamerika",http://www.tz.de/politik/trump-streicht-europa-hilfe-lenkt-millionen-nach-lateinamerika-zr-94521334.html,tz.de,de,,2026-10-02T07:45:00Z,2026-10-07T07:28:56Z,logistica,gdelt_doc,headline_metadata
art_83a6fcb5a7a575d8,Intensifying El Nino deepens economic risks across LatAm,http://www.jamaicantimes.com/news/279346957/intensifying-el-nino-deepens-economic-risks-across-latam,jamaicantimes.com,en,,2026-10-02T07:45:00Z,2026-10-07T07:28:56Z,logistica,gdelt_doc,headline_metadata
art_85aa38ecd408f67e,"Trump streicht Europa - Hilfe , lenkt Millionen nach Lateinamerika",http://www.wlz-online.de/politik/trump-streicht-europa-hilfe-lenkt-millionen-nach-lateinamerika-zr-94521334.html,wlz-online.de,de,,2026-10-02T07:45:00Z,2026-10-07T07:28:56Z,logistica,gdelt_doc,headline_metadata
art_9fc3b5403ca4804f,"Trump streicht Europa - Hilfe , lenkt Millionen nach Lateinamerika",http://www.merkur.de/politik/trump-streicht-europa-hilfe-lenkt-millionen-nach-lateinamerika-zr-94521334.html,merkur.de,de,,2026-10-02T07:45:00Z,2026-10-07T07:28:56Z,logistica,gdelt_doc,headline_metadata
art_121b1f251203a84a,Exportaciones chinas sostienen la demanda de carga contenerizada pese a la debilidad de EE . UU .,https://www.mundomaritimo.cl/noticias/exportaciones-chinas-sostienen-la-demanda-de-carga-contenerizada-pese-a-la-debilidad-de-eeuu,mundomaritimo.cl,es,,2026-10-02T08:00:00Z,2026-10-07T07:28:56Z,panama,gdelt_doc,headline_metadata
art_1f40c209b192b420,Déficit de personal limita la capacidad operativa de los bomberos en el país,https://www.panamaamerica.com.pa/sociedad/deficit-de-personal-limita-la-capacidad-operativa-de-los-bomberos-en-el-pais-1266986,panamaamerica.com.pa,es,,2026-10-02T08:00:00Z,2026-10-07T07:28:56Z,panama,gdelt_doc,headline_metadata
art_2ef5cde6ecaaeeae,"Trump streicht Europa - Hilfe , lenkt Millionen nach Lateinamerika",http://www.fnp.de/politik/trump-streicht-europa-hilfe-lenkt-millionen-nach-lateinamerika-zr-94521334.html,fnp.de,de,,2026-10-02T08:00:00Z,2026-10-07T07:28:56Z,logistica,gdelt_doc,headline_metadata
art_56b5d2bbe175b4bc,Las detenciones en China golpean al registro de naves ; la industria apela a acuerdo,https://www.panamaamerica.com.pa/economia/las-detenciones-en-china-golpean-al-registro-de-naves-la-industria-apela-acuerdo-1266987,panamaamerica.com.pa,es,,2026-10-02T08:00:00Z,2026-10-07T07:28:56Z,panama,gdelt_doc,headline_metadata
art_595b84a16c81aa97,Primeras Damas se reúnen para impulsar proyecto,https://www.panamaamerica.com.pa/variedades/primeras-damas-se-reunen-para-impulsar-proyecto-1266991,panamaamerica.com.pa,es,,2026-10-02T08:00:00Z,2026-10-07T07:28:56Z,panama,gdelt_doc,headline_metadata
art_6191b1d49353285d,Intensifying El Nino deepens economic risks across LatAm,http://www.massachusettssun.com/news/279346957/intensifying-el-nino-deepens-economic-risks-across-latam,massachusettssun.com,en,,2026-10-02T08:00:00Z,2026-10-07T07:28:56Z,logistica,gdelt_doc,headline_metadata
art_65323ad8f545a31b,¿ Cómo se fija el precio del combustible en Panamá ? El MEF explica la fórmula quincenal,https://www.panamaamerica.com.pa/sociedad/como-se-fija-el-precio-del-combustible-en-panama-el-mef-explica-la-formula-quincenal,panamaamerica.com.pa,es,,2026-10-02T08:00:00Z,2026-10-07T07:28:56Z,panama,gdelt_doc,headline_metadata
art_899561d87e480e0e,Intensifying El Nino deepens economic risks across LatAm,http://www.africaleader.com/news/279346957/intensifying-el-nino-deepens-economic-risks-across-latam,africaleader.com,en,,2026-10-02T08:00:00Z,2026-10-07T07:28:56Z,logistica,gdelt_doc,headline_metadata
art_8d5e702001201ff2,Intensifying El Nino deepens economic risks across LatAm,http://www.oklahomacitysun.com/news/279346957/intensifying-el-nino-deepens-economic-risks-across-latam,oklahomacitysun.com,en,,2026-10-02T08:00:00Z,2026-10-07T07:28:56Z,logistica,gdelt_doc,headline_metadata
art_94bcef689912962f,Panamá : deficiencias en interoperabilidad digital y vial generan desventaja frente a Cartagena,https://www.mundomaritimo.cl/noticias/panama-deficiencias-en-interoperabilidad-digital-y-vial-generan-desventaja-frente-a-cartagena,mundomaritimo.cl,es,,2026-10-02T08:00:00Z,2026-10-07T07:28:56Z,panama,gdelt_doc,headline_metadata
art_b17c3b7820fb7ec3,"Trump streicht Europa - Hilfe , lenkt Millionen nach Lateinamerika",http://www.wa.de/politik/trump-streicht-europa-hilfe-lenkt-millionen-nach-lateinamerika-zr-94521334.html,wa.de,de,,2026-10-02T08:00:00Z,2026-10-07T07:28:56Z,logistica,gdelt_doc,headline_metadata
art_b560e06181b5c35e,"Trump streicht Europa - Hilfe , lenkt Millionen nach Lateinamerika",http://www.hna.de/politik/trump-streicht-europa-hilfe-lenkt-millionen-nach-lateinamerika-zr-94521334.html,hna.de,de,,2026-10-02T08:00:00Z,2026-10-07T07:28:56Z,logistica,gdelt_doc,headline_metadata
art_c1e799e1209413f0,"Trump streicht Europa - Hilfe , lenkt Millionen nach Lateinamerika",http://www.op-online.de/politik/trump-streicht-europa-hilfe-lenkt-millionen-nach-lateinamerika-zr-94521334.html,op-online.de,de,,2026-10-02T08:00:00Z,2026-10-07T07:28:56Z,logistica,gdelt_doc,headline_metadata
art_d0e39d948061a395,¡ DOS APREHENDIDOS EN OPERATIVOS ! Uno tenía una condena de 60 meses y otro fue sorprendido en un presunto hurto,https://www.midiario.com/policiales/dos-aprehendidos-en-operativos-uno-tenia-una-condena-de-60-meses-y-otro-fue-sorprendido-en-un-presunto-hurto/,midiario.com,es,,2026-10-02T08:00:00Z,2026-10-07T07:28:56Z,panama,gdelt_doc,headline_metadata
art_dd6d756f6843f9fb,Intensifying El Nino deepens economic risks across LatAm,http://www.russiaherald.com/news/279346957/intensifying-el-nino-deepens-economic-risks-across-latam,russiaherald.com,en,,2026-10-02T08:00:00Z,2026-10-07T07:28:56Z,logistica,gdelt_doc,headline_metadata
art_0abc9e79ef4b99e3,Intensifying El Nino deepens economic risks across LatAm,http://www.argentinastar.com/news/279346957/intensifying-el-nino-deepens-economic-risks-across-latam,argentinastar.com,en,,2026-10-02T08:15:00Z,2026-10-07T07:28:56Z,logistica,gdelt_doc,headline_metadata
art_194f5448212d475d,World Insights : Intensifying El Nino deepens economic risks across LatAm,http://www.trinidadtimes.com/news/279347044/world-insights-intensifying-el-nino-deepens-economic-risks-across-latam,trinidadtimes.com,en,,2026-10-02T08:15:00Z,2026-10-07T07:28:56Z,logistica,gdelt_doc,headline_metadata
art_2ef8e4c6c61b98fa,Confabulario,https://www.panamaamerica.com.pa/confabulario/confabulario-1266984,panamaamerica.com.pa,es,,2026-10-02T08:15:00Z,2026-10-07T07:28:56Z,panama,gdelt_doc,headline_metadata
art_5432c02835a49e41,Intensifying El Nino deepens economic risks across LatAm,http://www.zimbabwestar.com/news/279346957/intensifying-el-nino-deepens-economic-risks-across-latam,zimbabwestar.com,en,,2026-10-02T08:15:00Z,2026-10-07T07:28:56Z,logistica,gdelt_doc,headline_metadata
art_9b7a81100a1710a9,Intensifying El Nino deepens economic risks across LatAm,http://www.trinidadtimes.com/news/279346957/intensifying-el-nino-deepens-economic-risks-across-latam,trinidadtimes.com,en,,2026-10-02T08:15:00Z,2026-10-07T07:28:56Z,logistica,gdelt_doc,headline_metadata
art_ab8312cbe645be01,"Panamá apunta a salir de la lista fiscal de la Unión Europea , pero aún enfrenta una revisión clave en 2027",https://www.prensa.com/economia/panama-apunta-a-salir-de-la-lista-fiscal-de-la-union-europea-pero-aun-enfrenta-una-revision-clave-en-2027/,prensa.com,es,,2026-10-02T08:15:00Z,2026-10-07T07:28:56Z,panama,gdelt_doc,headline_metadata
art_abf1c8c863b10b29,Desarticulada una organización de narcotráfico,https://www.malagaes.com/desarticulada-una-organizacion-de-narcotrafico-internacional-que-operaba-como-red-de-blanqueo-al-servicio-del-crimen-organizado/,malagaes.com,es,,2026-10-02T08:15:00Z,2026-10-07T07:28:56Z,panama,gdelt_doc,headline_metadata
art_ee5063c514621275,"Trump streicht Europa - Hilfe , lenkt Millionen nach Lateinamerika",https://www.az-online.de/politik/trump-streicht-europa-hilfe-lenkt-millionen-nach-lateinamerika-zr-94521334.html,az-online.de,de,,2026-10-02T08:15:00Z,2026-10-07T07:28:56Z,logistica,gdelt_doc,headline_metadata
art_3954bc6e0293373c,Buscan detener en Londres venta y refinar oro que extrae Barrick Gold en RD,https://listindiario.com/la-republica/provincias/20261002/buscan-detener-londres-refinar-vender-oro-barrick-rd_924585.html,listindiario.com,es,2026-10-02T00:00:00Z,2026-10-02T08:30:00Z,2026-10-07T07:28:56Z,panama,gdelt_doc,headline_metadata
art_5ea8607372b58b54,Embajada rusa investigará envío de dominicanos a la guerra con Ucrania,https://listindiario.com/la-republica/20261002/embajada-rusa-investigara-envio-dominicanos-guerra-ucrania_924586.html,listindiario.com,es,2026-10-02T00:00:00Z,2026-10-02T08:30:00Z,2026-10-07T07:28:56Z,panama,gdelt_doc,headline_metadata
art_bf7bbfd994ff06c9,Golpe a una red que lavaba las ganancias del narco en villas de lujo de Ibiza y Marbella,https://www.elconfidencial.com/espana/andalucia/2026-10-02/desarticulan-red-narcotrafico-blanqueo-1tna-1tps_4436781/,elconfidencial.com,es,2026-10-02T00:00:00Z,2026-10-02T08:30:00Z,2026-10-07T07:28:56Z,panama,gdelt_doc,headline_metadata
art_fd8052609f9c2e02,"El rollo con Guyana , por Teodoro Petkoff",https://talcualdigital.com/opinion/el-rollo-con-guyana-editorial-escrito-por-teodoro-petkoff/,talcualdigital.com,es,,2026-10-02T08:30:00Z,2026-10-07T07:28:56Z,panama,gdelt_doc,headline_metadata
art_00aca046723506d5,Intensifying El Nino deepens economic risks across LatAm,http://www.texasguardian.com/news/279346957/intensifying-el-nino-deepens-economic-risks-across-latam,texasguardian.com,en,,2026-10-02T08:45:00Z,2026-10-07T07:28:56Z,logistica,gdelt_doc,headline_metadata
art_029ba7f0bcb4cdbc,Trump desvía a Latinoamérica millonarios fondos destinados a Europa,https://actualidad-rt.com/actualidad/630469-trump-desviar-millones-dolares-fondos-ucrania,actualidad-rt.com,es,,2026-10-02T08:45:00Z,2026-10-07T07:28:56Z,panama,gdelt_doc,headline_metadata
art_4da4083ad55c46e2,Intensifying El Nino deepens economic risks across LatAm,http://www.oklahomastar.com/news/279346957/intensifying-el-nino-deepens-economic-risks-across-latam,oklahomastar.com,en,,2026-10-02T09:15:00Z,2026-10-07T07:28:56Z,logistica,gdelt_doc,headline_metadata
art_1c7787bb3d9e4861,Magistrados del TE rechazan últimos cambios a las reformas,https://www.panamaamerica.com.pa/nacion/magistrados-del-te-rechazan-ultimos-cambios-las-reformas-1266979,panamaamerica.com.pa,es,,2026-10-02T09:30:00Z,2026-10-07T07:28:56Z,panama,gdelt_doc,headline_metadata
art_e92b49c5b42a5cc2,Rector de la UP elevará excelencia y vinculará a sectores productivos,https://www.panamaamerica.com.pa/nacion/rector-de-la-elevara-excelencia-y-vinculara-sectores-productivos-1266980,panamaamerica.com.pa,es,,2026-10-02T09:30:00Z,2026-10-07T07:28:56Z,panama,gdelt_doc,headline_metadata
art_e12523da20e12edb,"Cae una organización que introducía cocaína en Europa y blanqueaba en villas de Ibiza , Marbella y Madrid",https://www.europapress.es/nacional/noticia-cae-organizacion-introducia-cocaina-europa-blanqueaba-villas-ibiza-marbella-madrid-20261002101807.html,europapress.es,es,,2026-10-02T09:45:00Z,2026-10-07T07:28:56Z,panama,gdelt_doc,headline_metadata
art_923070b477479941,Intensifying El Nino deepens economic risks across LatAm,http://www.afghanistannews.net/news/279346957/intensifying-el-nino-deepens-economic-risks-across-latam,afghanistannews.net,en,,2026-10-02T10:00:00Z,2026-10-07T07:28:56Z,logistica,gdelt_doc,headline_metadata
art_e66e4785c1eccf19,Cae en Almería una red de lavadore de dinero vinculada al narcotráfico internacional,https://www.ideal.es/almeria/almeria/cae-almeria-red-lavadores-dinero-vinculada-narcotrafico-20261002110814-nt.html,ideal.es,es,,2026-10-02T10:00:00Z,2026-10-07T07:28:56Z,panama,gdelt_doc,headline_metadata
art_6faf2bff68e8fa4f,Bocas del Toro: Acodeco despliega inspectores para fiscalizar precios de combustible en estaciones,https://www.tvn-2.com/nacionales/bocas-toro-acodeco-despliega-inspectores_1_2263949.html,TVN Panamá,es,2026-10-02T17:16:09Z,,2026-10-07T08:14:36Z,,tvn_rss,headline_metadata
art_44f8ce26b64de274,Ricardo Pérez presenta +Caminos en el Panamá Motor Show: su estrategia inclusiva de electrificación,https://www.tvn-2.com/economia/empresas/publirreportajes/ricardo-perez-presenta-caminos-panama_1_2263941.html,TVN Panamá,es,2026-10-03T20:15:31Z,,2026-10-07T08:14:36Z,,tvn_rss,headline_metadata
art_412a3e33a42c3829,Mercantil está presente en Panamá Motor Show 2026,https://www.tvn-2.com/economia/empresas/publirreportajes/mercantil-estara-presente-panama-motor_1_2264122.html,TVN Panamá,es,2026-10-03T21:38:49Z,,2026-10-07T08:14:36Z,,tvn_rss,headline_metadata
art_f9d24d4be1b1f478,La movilidad eléctrica gana espacio en un mercado panameño marcado por el crecimiento de los SUV,https://www.tvn-2.com/economia/empresas/publirreportajes/movilidad-electrica-gana-espacio-mercado_1_2264141.html,TVN Panamá,es,2026-10-03T21:53:49Z,,2026-10-07T08:14:36Z,,tvn_rss,headline_metadata
art_921722ceac924e31,Gente TVN se sumó a carrera caminata inclusiva de Achilles Panamá en la Cinta Costera,https://www.tvn-2.com/gente-tvn/gente-tvn-sumo-carrera-caminata_1_2264281.html,TVN Panamá,es,2026-10-04T23:47:36Z,,2026-10-07T08:14:35Z,,tvn_rss,headline_metadata
art_cd345ce45b2aacc4,Mercantil está presente en Panamá Motor Show 2026,https://www.tvn-2.com/economia/empresas/publirreportajes/video-mercantil-presente-panama-motor-show_8_2264360.html,TVN Panamá,es,2026-10-05T13:56:17Z,,2026-10-07T08:14:36Z,,tvn_rss,headline_metadata
art_1511bbffed67eca8,Mazda impacta en el Panama Motor Show con el lanzamiento del totalmente nuevo CX-5,https://www.tvn-2.com/economia/empresas/publirreportajes/mazda-impacta-panama-motor-show_1_2264382.html,TVN Panamá,es,2026-10-05T16:26:56Z,,2026-10-07T08:14:36Z,,tvn_rss,headline_metadata
art_9de181fc05c922ac,Mazda impacta en el Panama Motor Show con el lanzamiento del totalmente nuevo CX-5,https://www.tvn-2.com/economia/empresas/publirreportajes/video-mazda-impacta-panama-motor-show_8_2264395.html,TVN Panamá,es,2026-10-05T16:29:44Z,,2026-10-07T08:14:36Z,,tvn_rss,headline_metadata
art_1791cd5a1bcf94a1,El legado evoluciona: nuevo BMW X5 se presenta en el Panama Motor Show 2026,https://www.tvn-2.com/economia/empresas/publirreportajes/legado-evoluciona-nuevo-bmw-x5_1_2264376.html,TVN Panamá,es,2026-10-05T17:07:20Z,,2026-10-07T08:14:36Z,,tvn_rss,headline_metadata
art_617919f9dcab52df,César Caicedo ahora está recluido en el Hospital Santo Tomás; había sido trasladado a Coiba,https://www.tvn-2.com/nacionales/judicial/cesar-caicedo-ahora-recluido-hospital-santotomas_1_2264431.html,TVN Panamá,es,2026-10-05T19:03:37Z,,2026-10-07T08:14:36Z,,tvn_rss,headline_metadata
art_72020673e6ca464c,El legado evoluciona: nuevo BMW X5 se presenta en el Panama Motor Show 2026,https://www.tvn-2.com/economia/empresas/publirreportajes/video-legado-evoluciona-nuevo-bmw-x5_8_2264457.html,TVN Panamá,es,2026-10-05T21:00:13Z,,2026-10-07T08:14:36Z,,tvn_rss,headline_metadata
art_27536ec56780be99,Contenido Exclusivo: El metro por la Tumba Muerto,https://www.tvn-2.com/contenido-exclusivo/contenido-exclusivo-metro-tumba-muerto-transporte-panama_1_2264473.html,TVN Panamá,es,2026-10-06T00:47:04Z,,2026-10-07T08:14:35Z,,tvn_rss,headline_metadata
art_2a4224f0ad160125,The Duality of Latin America FDI | Global Finance Magazine,https://gfmag.com/capital-raising-corporate-finance/duality-latin-america-foreign-direct-investments/,gfmag.com,en,,2026-10-06T08:30:00Z,2026-10-07T07:28:56Z,logistica,gdelt_doc,headline_metadata
art_b4b838bca8f34e7e,Aeropuerto panameño suscribe convenio con empresa asiática,https://dca.gob.gt/noticias-guatemala-diario-centro-america/aeropuerto-panameno-suscribe-convenio-con-empresa-asiatica/,dca.gob.gt,es,,2026-10-06T08:30:00Z,2026-10-07T07:28:56Z,panama,gdelt_doc,headline_metadata
art_fbfc0bc874d44f93,Restauranteros piden reforzar seguridad en Culiacán ; Gobierno revisará avances en 30 días,https://lineadirectaportal.com/sinaloa/restauranteros-piden-reforzar-seguridad-en-culiacan-gobierno-revisara-avances-en-30-dias-2026-10-05__1714906,lineadirectaportal.com,es,2026-10-05T00:00:00Z,2026-10-06T08:30:00Z,2026-10-07T07:28:56Z,panama,gdelt_doc,headline_metadata
art_518c000d49921a20,"Aprehenden a Enrique Lau, exdirector de la CSS, por supuesto enriquecimiento injustificado",https://www.tvn-2.com/nacionales/judicial/aprehenden-enrique-lau-exdirector-css_1_2264560.html,TVN Panamá,es,2026-10-06T11:50:00Z,,2026-10-07T08:14:35Z,,tvn_rss,headline_metadata
art_25714dceed79f82f,"Liga de Naciones Concacaf | Resultados, calendario y todos los cruces para cuartos de final",https://www.tvn-2.com/tvmax/somos-la-sele/liga-de-naciones-concacaf-seleccion-de-panama-guatemala-curazao-mexico-canada-estados-unidos_1_2264553.html,TVN Panamá,es,2026-10-06T15:59:18Z,,2026-10-07T08:14:35Z,,tvn_rss,headline_metadata
art_3abb28b5d8798cdc,Shakira y Piqué vuelven a los tribunales por el régimen de visitas de sus hijos,https://www.tvn-2.com/entretenimiento/shakira-pique-vuelven-tribunales-regimen-visitas-sasha-milan_1_2264591.html,TVN Panamá,es,2026-10-06T16:00:19Z,,2026-10-07T08:14:35Z,,tvn_rss,headline_metadata
art_1c6d8cb493938936,Tom Cruise defiende Digger tras el fracaso en taquilla y responde a las críticas,https://www.tvn-2.com/entretenimiento/cine-y-tv/tom-cruise-defiende-digger-fracaso-taquilla-responde-criticas_1_2264580.html,TVN Panamá,es,2026-10-06T17:00:58Z,,2026-10-07T08:14:35Z,,tvn_rss,headline_metadata
art_07e09608451b575c,Suspenden audiencia contra Genaro López y otros miembros del Suntracs,https://www.tvn-2.com/nacionales/judicial/suspenden-audiencia-genaro-lopez-miembros_1_2264607.html,TVN Panamá,es,2026-10-06T17:52:35Z,,2026-10-07T08:14:36Z,,tvn_rss,headline_metadata
art_762e2c3d1b202fd3,Pase-U: Largas filas en Changuinola en el segundo día de entrega de tarjetas Punch del Ifarhu,https://www.tvn-2.com/nacionales/pase-u-pago-de-becas-ifarhu-largas-filas-changuinola_1_2264609.html,TVN Panamá,es,2026-10-06T18:12:50Z,,2026-10-07T08:14:35Z,,tvn_rss,headline_metadata
art_aadab2ef62517fa1,Asesinan a taxista en Remedios; fue hallado dentro de su vehículo con varias heridas,https://www.tvn-2.com/nacionales/asesinan-taxista-remedios-hallado-vehiculo-varias-heridas_1_2264601.html,TVN Panamá,es,2026-10-06T18:13:55Z,,2026-10-07T08:14:35Z,,tvn_rss,headline_metadata
art_b61e0e7873e9817a,Nerys Pérez responde con humor a los comentarios sobre el vestido que usó en un baile,https://www.tvn-2.com/entretenimiento/nerys-perez-responde-humor-comentarios-vestido-baile-vladimir-atencio_1_2264599.html,TVN Panamá,es,2026-10-06T18:15:47Z,,2026-10-07T08:14:35Z,,tvn_rss,headline_metadata
art_a8880a4de0b142ea,Alcaldesa Stefany Peñalba: residentes protestan frente al Municipio de Arraiján y exigen auditorías contra su gestión,https://www.tvn-2.com/nacionales/provincias/stefany-penalba-residentes-protesta-frente-municipio-de-arraijan-piden-auditoria_1_2264603.html,TVN Panamá,es,2026-10-06T18:24:07Z,,2026-10-07T08:14:35Z,,tvn_rss,headline_metadata
art_048a031b6c2ae4f0,Renace una estrella: Geely de Bahia Motors presenta el nuevo Starray en el Panama Motor Show 2026,https://www.tvn-2.com/economia/empresas/publirreportajes/renace-estrella-geely-bahia-motors_1_2263943.html,TVN Panamá,es,2026-10-06T18:34:59Z,,2026-10-07T08:14:36Z,,tvn_rss,headline_metadata
art_070267d40bdc6d08,Liga Panameña de Fútbol | Resultados y tabla de posiciones luego de la jornada 11 del Torneo Apertura,https://www.tvn-2.com/tvmax/lpf/liga-panamena-de-futbol-resultados-tabla-de-posiciones-torneo-apertura-2026-plaza-amador-san-francisco-fc_1_2264619.html,TVN Panamá,es,2026-10-06T18:48:42Z,,2026-10-07T08:14:35Z,,tvn_rss,headline_metadata
art_f6ca5d164948b67b,MOP solicita $43.1 millones para pagar compromisos y continuar obras en ejecución,https://www.tvn-2.com/nacionales/mop-solicita-43-1-millones-comision-presupuesto-obras-en-ejecucion_1_2264626.html,TVN Panamá,es,2026-10-06T18:57:35Z,,2026-10-07T08:14:35Z,,tvn_rss,headline_metadata
art_59b4f2b8930e179f,"El inesperado carro de chatarra que sacó risas a Jorge Quirós, reportero de TVN Noticias",https://www.tvn-2.com/entretenimiento/inesperado-momento-saco-risas-reportero-tvn-noticias-jorge-quiros_1_2264634.html,TVN Panamá,es,2026-10-06T19:44:15Z,,2026-10-07T08:14:35Z,,tvn_rss,headline_metadata
art_195f153cd8a91417,El Ejecutivo francés rechaza acusaciones de abuso policial contra estudiantes,https://www.tvn-2.com/mundo/europa/ejecutivo-frances-rechaza-acusaciones-abuso_1_2264628.html,TVN Panamá,es,2026-10-06T20:00:16Z,,2026-10-07T08:14:35Z,,tvn_rss,headline_metadata
art_07dfb586865b60f3,Cristiano Ronaldo hoy | El portugués pidió disculpas y podría volver a la selección,https://www.tvn-2.com/tvmax/futbol-internacional/cristiano-ronaldo-portugues-seleccion-disculpas-jorge-jesus_1_2264644.html,TVN Panamá,es,2026-10-06T20:10:24Z,,2026-10-07T08:14:35Z,,tvn_rss,headline_metadata
art_00707d4eb439bb47,"Sinaproc extiende vigilancia por lluvias, tormentas y vientos hasta el viernes",https://www.tvn-2.com/nacionales/sinaproc-extiende-vigilancia-lluvias-tormentas_1_2264646.html,TVN Panamá,es,2026-10-06T20:51:59Z,,2026-10-07T08:14:35Z,,tvn_rss,headline_metadata
art_9d3221c59bad664f,Panamá mantiene vigilancia epidemiológica ante caso sospechoso de peste neumónica en Rusia,https://www.tvn-2.com/nacionales/panama-mantiene-vigilancia-minsa-peste-neumonica-en-rusia-caso-rusia_1_2264648.html,TVN Panamá,es,2026-10-06T20:53:52Z,,2026-10-07T08:14:35Z,,tvn_rss,headline_metadata
art_34ec23de659835cc,Parque Nacional Chagres celebra 42 años con siembra de especies nativas,https://www.tvn-2.com/nacionales/parque-nacional-chagres-celebra-42_1_2264656.html,TVN Panamá,es,2026-10-06T21:35:51Z,,2026-10-07T08:14:36Z,,tvn_rss,headline_metadata
art_f925fac3816fe3d7,MIDA extiende hasta el 11 de octubre retiro de medidor eléctrico en Puerto Armuelles,https://www.tvn-2.com/nacionales/mida-extiende-11-octubre-retiro_1_2264654.html,TVN Panamá,es,2026-10-06T21:41:54Z,,2026-10-07T08:14:36Z,,tvn_rss,headline_metadata
art_8e5685256320eb1d,Lionel Messi despedida | Argentina vs Benín | EN VIVO,https://www.tvn-2.com/tvmax/futbol-internacional/video-ext-lionel-messi-despedida-en-vivo-argentina-vs-benin_7_2264670.html,TVN Panamá,es,2026-10-06T21:56:35Z,,2026-10-07T08:14:35Z,,tvn_rss,headline_metadata
art_e4bf8f806263e402,Paul McCartney y Phil Collins cierran una herida de 24 años tras una inesperada llamada,https://www.tvn-2.com/entretenimiento/musica/paul-mccartney-phil-collins-cierran-herida-24-anos-inesperada-llamada_1_2264533.html,TVN Panamá,es,2026-10-06T22:00:36Z,,2026-10-07T08:14:35Z,,tvn_rss,headline_metadata
art_e778154c312d0303,¡Emotivo! Lionel Messi tiene una despedida triunfal de la selección de Argentina,https://www.tvn-2.com/tvmax/futbol-internacional/lionel-messi-despedida-argentina-vs-benin-en-vivo-estadio-monumental-buenos-aires_6_2264650.html,TVN Panamá,es,2026-10-06T22:00:42Z,,2026-10-07T08:14:35Z,,tvn_rss,headline_metadata
art_1276b7ad8874be52,Minsa refuerza operativo de fiestas patrias en Santiago de Veraguas,https://www.tvn-2.com/nacionales/minsa-refuerza-operativo-fiestas-patrias_1_2264665.html,TVN Panamá,es,2026-10-06T22:04:55Z,,2026-10-07T08:14:36Z,,tvn_rss,headline_metadata
art_2d5cae6bdc191577,Trump culpa a la inmigración y al islam por los disturbios en Francia,https://www.tvn-2.com/mundo/trump-culpa-inmigracion-islam-disturbios_1_2264675.html,TVN Panamá,es,2026-10-06T22:11:15Z,,2026-10-07T08:14:35Z,,tvn_rss,headline_metadata
art_17d8778eb2b97ef0,Apoyo a la democracia cae nueve puntos en Panamá; 78% no se siente representado por la Asamblea Nacional,https://www.tvn-2.com/nacionales/apoyo-democracia-cae-nueve-puntos-panama-asamblea-nacional_1_2264617.html,TVN Panamá,es,2026-10-06T22:11:48Z,,2026-10-07T08:14:35Z,,tvn_rss,headline_metadata
art_2dcbf84e2b74a8b4,Reforma eléctrica: Comisión de Comercio aprueba en primer debate el proyecto de ley impulsado por el Ejecutivo,https://www.tvn-2.com/nacionales/reforma-electrica-comision-comercio-aprueba-primer-debate-asamblea-nacional_1_2264662.html,TVN Panamá,es,2026-10-06T22:14:00Z,,2026-10-07T08:14:35Z,,tvn_rss,headline_metadata
art_22c14cedb8296e13,Tribunal Electoral avanza en la coordinación del Plan General del Elecciones de 2029,https://www.tvn-2.com/nacionales/tribunal-electoral-avanza-coordinacion-plan_1_2264671.html,TVN Panamá,es,2026-10-06T22:16:17Z,,2026-10-07T08:14:35Z,,tvn_rss,headline_metadata
art_a77dc554a0d49bfc,El Consejo Electoral de Haití posterga de manera indefinida las elecciones,https://www.tvn-2.com/mundo/consejo-electoral-haiti-posterga-manera_1_2264677.html,TVN Panamá,es,2026-10-06T22:20:22Z,,2026-10-07T08:14:35Z,,tvn_rss,headline_metadata
art_f402f1c874cf0df4,"Reclusa que sobrevivió a ejecución fallida en EEUU está consciente y habla, según sus abogados",https://www.tvn-2.com/mundo/reclusa-sobrevivio-ejecucion-fallida-eeuu_1_2264679.html,TVN Panamá,es,2026-10-06T22:27:50Z,,2026-10-07T08:14:35Z,,tvn_rss,headline_metadata
art_b90e832b182f1114,Trump dice que hablará con Putin tras sospecha de peste en Rusia,https://www.tvn-2.com/mundo/trump-dice-hablara-putin-sospecha_1_2264680.html,TVN Panamá,es,2026-10-06T22:30:42Z,,2026-10-07T08:14:35Z,,tvn_rss,headline_metadata
art_144fda2aaa9b12f3,"Liga de Naciones resultados | Merino mantiene invicta a España, Kane acerca a Inglaterra a cuartos de final",https://www.tvn-2.com/tvmax/futbol-internacional/liga-de-naciones-uefa-merino-seleccion-de-espana-kane-inglaterra_1_2264681.html,TVN Panamá,es,2026-10-06T22:39:24Z,,2026-10-07T08:14:35Z,,tvn_rss,headline_metadata
art_f94391c558606ac1,Gabriela Lineth viaja a Puerto Rico para vivir la antesala de Miss Universe 2026,https://www.tvn-2.com/entretenimiento/gabriela-lineth-viaja-puerto-rico-antesala-miss-universe-2026_1_2264674.html,TVN Panamá,es,2026-10-06T22:40:49Z,,2026-10-07T08:14:35Z,,tvn_rss,headline_metadata
art_ac7f596bb3dd1017,Dakota Johnson sorprende como conejita de Playboy,https://www.tvn-2.com/entretenimiento/cine-y-tv/dakota-johnson-sorprende-conejita-playboy_1_2264535.html,TVN Panamá,es,2026-10-06T23:00:05Z,,2026-10-07T08:14:35Z,,tvn_rss,headline_metadata
art_0e6c783388e9a799,Asignan plazas de internado a nuevos médicos en la CSS para reforzar la atención de salud,https://www.tvn-2.com/nacionales/salud/asignan-plazas-internado-nuevos-medicos_1_2264688.html,TVN Panamá,es,2026-10-06T23:07:04Z,,2026-10-07T08:14:35Z,,tvn_rss,headline_metadata
art_102bce1ac967384a,La ganadora del Óscar Eva Marie Saint muere a los 102 años en EEUU,https://www.tvn-2.com/entretenimiento/ganadora-oscar-eva-marie-saint-muere-estados-unidos-actriz_1_2264690.html,TVN Panamá,es,2026-10-06T23:30:03Z,,2026-10-07T08:14:35Z,,tvn_rss,headline_metadata
art_3d8e176a6b0d0474,Diputada Yamireliz Chong y Benicio Robinson chocan en la Comisión de Presupuesto: 'no me interrumpa',https://www.tvn-2.com/nacionales/diputada-chong-benicio-robinson-chocan-comision-presupuesto-asamblea-nacional_1_2264696.html,TVN Panamá,es,2026-10-06T23:33:24Z,,2026-10-07T08:14:35Z,,tvn_rss,headline_metadata
art_96caf7104c3f4cac,Caso Pandora: Detención provisional para exejecutivo bancario señalado por autorizar pagos de créditos fiscales de la DGI,https://www.tvn-2.com/nacionales/judicial/caso-pandora-declaran-legal-aprehension-exjecutivo-bancario-autoriza-pagos-fiscales-dgi_1_2264701.html,TVN Panamá,es,2026-10-06T23:57:05Z,,2026-10-07T08:14:35Z,,tvn_rss,headline_metadata
art_fb81e240af1620a1,Costa Rica: Suspendió la investigación sobre el crimen del militar exiliado,https://www.tvn-2.com/mundo/suramerica/costa-rica-suspendio-investigacion-crimen_1_2264699.html,TVN Panamá,es,2026-10-07T00:00:21Z,,2026-10-07T08:14:35Z,,tvn_rss,headline_metadata
art_e6d294c22d5ba0bf,"Despiden a rescatista del Sinaproc, Erick Sera, quien murió en medio de entrenamiento en Chiriquí",https://www.tvn-2.com/nacionales/despiden-rescatista-sinaproc-erick-sera_1_2264709.html,TVN Panamá,es,2026-10-07T00:08:56Z,,2026-10-07T08:14:36Z,,tvn_rss,headline_metadata
art_cd73f54cb7e0f734,Mides solicita $47 millones para completar último pago de transferencias monetarias de 2026,https://www.tvn-2.com/nacionales/mides-solicita-47-millones-completar-pagos-programa-transferencia-monetarias-noviembre_1_2264712.html,TVN Panamá,es,2026-10-07T00:14:52Z,,2026-10-07T08:14:35Z,,tvn_rss,headline_metadata
art_07a599a0354e6598,Adultos mayores lo pierden todo tras incendio de su vivienda en Portachuelo,https://www.tvn-2.com/nacionales/adultos-mayores-pierden-incendio-vivienda_1_2264695.html,TVN Panamá,es,2026-10-07T00:16:11Z,,2026-10-07T08:14:36Z,,tvn_rss,headline_metadata
art_731b82c4337166bb,Aumentan enfermedades respiratorias entre menores en la comarca Ngäbe Buglé,https://www.tvn-2.com/nacionales/aumentan-enfermedades-respiratorias-menores-comarca_1_2264708.html,TVN Panamá,es,2026-10-07T00:17:42Z,,2026-10-07T08:14:35Z,,tvn_rss,headline_metadata
art_7ec07b57b74f8924,Comisión de Presupuesto tramita traslados y créditos por casi $100 millones entre seis instituciones,https://www.tvn-2.com/nacionales/comision-presupuesto-tramita-traslados-creditos_1_2264698.html,TVN Panamá,es,2026-10-07T00:21:09Z,,2026-10-07T08:14:35Z,,tvn_rss,headline_metadata
art_f7f47c30cd9607f8,Lionel Messi despedida| Argentina vs Benín: estadísticas del primer tiempo,https://www.tvn-2.com/tvmax/futbol-internacional/lionel-messi-despedida-argentina-vs-benin-estadisticas-primer-tiempo-estadio-monumental-buenos-aires_1_2264717.html,TVN Panamá,es,2026-10-07T00:27:57Z,,2026-10-07T08:14:35Z,,tvn_rss,headline_metadata
art_c049aa1aad1d4868,Marco Rubio apelará a la alianza estratégica en Grecia para proteger valores de Occidente,https://www.tvn-2.com/mundo/europa/marco-rubio-apelara-alianza-estrategica_1_2264697.html,TVN Panamá,es,2026-10-07T00:30:57Z,,2026-10-07T08:14:35Z,,tvn_rss,headline_metadata
art_14a4b97865bf7290,Día Nacional del Calypso: Conoce la agenda cultural del 16 al 18 de octubre,https://www.tvn-2.com/nacionales/dia-nacional-calypso-conoce-agenda_1_2264719.html,TVN Panamá,es,2026-10-07T00:52:08Z,,2026-10-07T08:14:35Z,,tvn_rss,headline_metadata
art_5ddd9e6a9ade949b,Brasil: Senado evalúa ampliar el descanso laboral como baza electoral de Lula,https://www.tvn-2.com/mundo/suramerica/brasil-senado-evalua-ampliar-descanso_1_2264702.html,TVN Panamá,es,2026-10-07T01:00:16Z,,2026-10-07T08:14:35Z,,tvn_rss,headline_metadata
art_f61dd23d68f66106,Panamá Coffee Weeks reunirá las variedades del mejor café del mundo en octubre,https://www.tvn-2.com/nacionales/panama-coffee-week-reunira-35_1_2264723.html,TVN Panamá,es,2026-10-07T01:04:56Z,,2026-10-07T08:14:35Z,,tvn_rss,headline_metadata
art_d116edbd8187982c,MLB Playoffs 2026 resultado| Padres recortan distancia ante Cerveceros en la Serie Divisional,https://www.tvn-2.com/tvmax/beisbol/mlb/brewers-vs-padres-mlb-playoffs-2026-en-vivo-juego-3-divisional-series-beisbol-grandes-ligas_1_2264664.html,TVN Panamá,es,2026-10-07T01:39:49Z,,2026-10-07T08:14:35Z,,tvn_rss,headline_metadata
art_0090006cf8c61003,Lionel Messi despedida| Estos fueron los momentos que marcaron una noche inolvidable,https://www.tvn-2.com/tvmax/futbol-internacional/lionel-messi-despedida-momentos-marcaron_1_2264732.html,TVN Panamá,es,2026-10-07T03:25:26Z,,2026-10-07T08:14:35Z,,tvn_rss,headline_metadata
art_bdac83bba51e1d16,MLB Playoffs 2026 resultado| Dodgers responden con poder ante Bravos en Juego 3 de Serie Divisional,https://www.tvn-2.com/tvmax/beisbol/mlb/dodgers-vs-braves-mlb-playoffs-2026-resultado-juego-3-divisional-series-beisbol-grandes-ligas_1_2264742.html,TVN Panamá,es,2026-10-07T04:15:36Z,,2026-10-07T08:14:35Z,,tvn_rss,headline_metadata
art_45ebb68ccfe9bce0,Trump no reembolsará a los contribuyentes el dinero usado para anuncios de TV,https://www.tvn-2.com/mundo/trump-no-reembolsara-contribuyentes-dinero_1_2264673.html,TVN Panamá,es,2026-10-07T06:01:00Z,,2026-10-07T08:14:35Z,,tvn_rss,headline_metadata
art_30141b4460487963,Sánchez presenta ante el Congreso español decretos de vivienda con nuevas medidas,https://www.tvn-2.com/mundo/sanchez-presenta-congreso-espanol-decretos_1_2264678.html,TVN Panamá,es,2026-10-07T08:01:00Z,,2026-10-07T08:14:35Z,,tvn_rss,headline_metadata
